title,description,content,publishedAt,url
Salmonella and home delivery meals: How to protect yourself after the Metabolic Meals RECALL,"The CDC has linked several Metabolic home delivery dishes to a salmonella outbreak that has sickened people in at least 10 states and customers are being urged to check their freezers for recalled products. Foods like chicken teriyaki, steak with peanut sauce…",<ul><li>The CDC has linked several Metabolic home delivery dishes to a salmonella outbreak that has sickened people in at least 10 states and customers are being urged to check their freezers for rec… [+7140 chars],2025-09-19T06:00:00Z,https://www.naturalnews.com/2025-09-19-protect-yourself-from-salmonella-home-delivery-meals.html
"Sensex sheds over 200 pts, Nifty50 below 25,400 as D-St snaps 3-day rally","Indian stocks experienced a slight downturn on Friday, halting a three-day rally. The Sensex and Nifty 50 indices both opened lower, influenced by tempered enthusiasm regarding potential U.S. Federal Reserve rate cuts and the advancement of trade discussions …","Indian stocks edged lower on Friday, with the Sensex and Nifty 50 pausing after three sessions of gains fuelled by optimism over prospective U.S. Federal Reserve rate cuts and progress in trade negot… [+821 chars]",2025-09-19T04:05:14Z,https://economictimes.indiatimes.com/markets/stocks/news/sensex-sheds-over-200-pts-nifty50-below-25400-as-d-st-snaps-3-day-rally/articleshow/123989293.cms
"Day Trading Guide for September 19, 2025: Intraday supports, resistances for Nifty50 stocks","The Day Trading Guide provides key intraday support and resistance levels to watch for on Nifty Futures and widely traded stocks such as Reliance Industries, Infosys, HDFC Bank, TCS, and SBI","Day Trading Guide gives you the key intraday supports and resistances to watch out for on the Nifty Futures and other widely traded stocks such as Reliance Industries, Infosys, HDFC Bank, TCS, SBI. B… [+2390 chars]",2025-09-19T00:45:00Z,https://www.thehindubusinessline.com/portfolio/day-trading-guide/day-trading-guide-for-september-19/article70065805.ece
Where India fits into Pakistan and Saudi Arabia's tighter embrace,"Pakistan and Saudi Arabia have solidified their security alliance with a Strategic Mutual Defence Agreement, stipulating that aggression against one will be considered aggression against both. India is carefully assessing the pact's implications for regional …","Pakistan and Saudi Arabia on Wednesday elevated their decades-long security partnership by signing a Strategic Mutual Defence Agreement, under which any aggression against one country will be treated… [+8052 chars]",2025-09-18T09:42:38Z,https://economictimes.indiatimes.com/news/defence/pakistan-saudi-arabia-defence-deal-shehbaz-sharif-india-trade-relations-strategic-partnership/articleshow/123971509.cms
TCS to transform Vodafone Idea's business support system via AI-driven platform,"Tata Consultancy Services will transform Vodafone Idea's business support system with an AI-driven platform. This five-year engagement aims to enhance customer experience through intelligence, automation, and personalized services. TCS HOBS and TCS TwinX will…","India's largest IT services company Tata Consultancy Services (TCS) has been selected by Vodafone Idea to transform its business support system through an AI-driven and future-ready platform, accordi… [+1623 chars]",2025-09-18T09:20:29Z,https://economictimes.indiatimes.com/tech/information-tech/tcs-to-transform-vodafone-ideas-business-support-system-via-ai-driven-platform/articleshow/123971052.cms
TCS wins 5-year Vodafone Idea deal to transform business systems with AI,"TCS signs 5-year deal with Vodafone Idea to transform business systems using AI-driven HOBS and TwinX platforms, enhancing customer experience and automation.","Tata Consultancy Services has secured a five-year contract with Vodafone Idea to transform the telecom operators business support systems through an AI-powered platform. The deal, announced on Septem… [+1591 chars]",2025-09-18T07:00:56Z,https://www.thehindubusinessline.com/info-tech/tcs-wins-5-year-vodafone-idea-deal-to-transform-business-systems-with-ai/article70064574.ece
"Infosys, LTIMindtree shares rally up to 3% on hopes of 2 more rate cuts by US Fed in 2025","Infosys, LTIMindtree, and other Indian IT stocks rose up to 3%, driven by expectations of two additional US Fed rate cuts in 2025. On Wednesday, the Federal Reserve cut its benchmark policy rate by 25 basis points to 4%-4.25%, starting a monetary easing cycle…","Shares of information technology stocks such as Infosys, LTIMintree, TCS, Wipro, HCL Tech, Tech Mahindra and others rallied up to 3% in morning deals on Thursday, September 18, as markets anticipate … [+3090 chars]",2025-09-18T05:33:43Z,https://economictimes.indiatimes.com/markets/stocks/news/infosys-ltimindtree-shares-rally-up-to-3-on-hopes-of-2-more-rate-cuts-by-us-fed-in-2025/articleshow/123965145.cms
"Stocks To Watch: 'Stars' To 'Hitters' -Macquarie Bets On Airtel, M&M, JSW Steel, Among 15 Others","Macquarie, in its India Strategy, has highlighted six stars in its coverage universe that are delivering exceptional alpha; these include Bharti Airtel Ltd., Mahindra and Mahindra Ltd., among others. The brokerage also introduced six rising stars with a timel…","The brokerage has added Makemytrip Ltd. to its core list in the best buy category on the heels of rising discretionary spend, greater travel connectivity, and formalisation. 
It further added that M… [+905 chars]",2025-09-18T03:43:56Z,https://www.ndtvprofit.com/markets/stocks-to-watch-stars-to-hitters-macquarie-bets-on-airtel-mm-jsw-steel-among-15-others
"Stock Market Highlights 18 Sept 2025: Sensex, Nifty close higher for third day running after Fed’s 25-bps rate cut","Sensex, Nifty, Share Prices : Stock markets closed higher for the third consecutive day on Thursday, with the benchmark Sensex gaining 320 points to end above the 83,000 level after the US Federal Reserve cut its key interest rate by 25 basis points, and sign…","<li></li>
September 18, 2025 16:24Stock markets live updates today: Stock markets end higher after US Fed rate cut; settle higher for third day running
Stock markets closed higher for the third con… [+63548 chars]",2025-09-18T01:23:36Z,https://www.thehindubusinessline.com/markets/share-market-nifty-sensex-highlights-18th-september-2025/article70060819.ece
IT majors edge to 5% revenue contribution from GCCs,"Largest beneficiaries are Tata Consultancy Services (TCS), Infosys, HCLTech, Tech Mahindra, Wipro, UnearthInsight suggests. To be sure, presently, the IT outsourcing companies, currently struggling with business growth, does not explicitly disclose revenue ge…","Global capability centres (GCCs) in India have started to inch toward the 5% mark in terms of revenue contribution for the top IT service majors, despite being in competition with them for systems bu… [+3924 chars]",2025-09-18T00:30:00Z,https://economictimes.indiatimes.com/tech/information-tech/it-majors-edge-to-5-revenue-contribution-from-gccs/articleshow/123952526.cms
Segway unveils E3 Pro electric scooter with limited-time launch discount,"Segway has officially launched the E3 Pro electric scooter. The company’s new lightweight e-scooter is equipped with an 800 W peak power motor and a 386 Wh battery. Other features include a 3-inch display, a top speed of 20 mph (32.1 km/h), IPX5 ingress prote…","Segway has officially launched its latest E3 Pro electric scooter globally. The companys new mid-range e-scooter comes as a successor to the E2 Pro and brings notable upgrades in terms of battery, sp… [+1573 chars]",2025-09-17T15:42:00Z,https://www.notebookcheck.net/Segway-unveils-E3-Pro-electric-scooter-with-limited-time-launch-discount.1117285.0.html
Cyberattack: Jaguar Land Rover Paralyzed for at Least Another Week,"Jaguar Land Rover extends the global shutdown of its plants after a cyberattack, exposing the vulnerability of British industry and gaps in cybersecurity and resilience regulation....","Jaguar Land Rover (JLR) has announced that the shutdown of its global production sites, triggered by a cyberattack in early September, will last at least until September 24. The suspension forces tho… [+3372 chars]",2025-09-17T14:38:28Z,https://www.zataz.com/cyberattack-jaguar-land-rover-paralyzed-for-at-least-another-week/
"Over 166,000 tech jobs cut in 2025 so far","Despite soaring stock prices and strong earnings, the tech industry has already seen massive layoffs this year. Giants like Intel, Microsoft, Meta, Amazon, Oracle, and others have all announced significant job cuts — driven both by shareholder pressure to red…","Intel tops the list. The struggling chipmaker plans to cut around 34,000 jobs this year as it tries to streamline operations and reset its strategy.
Microsoft isnt far behind. The Redmond-based gian… [+400 chars]",2025-09-17T13:16:00Z,https://www.notebookcheck.net/Over-166-000-tech-jobs-cut-in-2025-so-far.1117280.0.html
Xiaomi Electric Scooter 5 Plus now available in more countries,"The Xiaomi Electric Scooter 5 Plus is now available in more European countries. Arriving in the UK in August 2025, it appears to be rolling out more widely across the region. Features of this e-scooter include 12-inch tires, a larger deck, taller handlebars, …","Xiaomi is rolling out its Electric Scooter 5 Plus across Europe. This model was released in the UK in late August 2025, joining three existing versions: the Electric Scooter 5, the Electric Scooter 5… [+1541 chars]",2025-09-17T12:50:00Z,https://www.notebookcheck.net/Xiaomi-Electric-Scooter-5-Plus-now-available-in-more-countries.1117039.0.html
Who's going where in WEC? The 2026 driver market explained,"It’s a seller’s market out there. Genesis, McLaren and Ford are on their way into the World Endurance Championship and the Hypercar driver market has been blown wide open. It’s not even the end of the season yet and the merry-go-round has started. Stoffel Van…","Its a sellers market out there. Genesis, McLaren and Ford are on their way into the World Endurance Championship and the Hypercar driver market has been blown wide open. Its not even the end of the s… [+7077 chars]",2025-09-17T10:51:50Z,https://www.autosport.com/wec/news/whos-going-where-in-wec-the-2026-driver-market-explained/10760078/
How the WEC driver market stands ahead of 2026,"The sportscar driver market is currently very busy, especially with three manufacturers on their way to WEC","Its a sellers market out there. Genesis, McLaren and Ford are on their way into the World Endurance Championship and the Hypercar driver market has been blown wide open. Its not even the end of the s… [+7065 chars]",2025-09-17T10:37:23Z,https://www.motorsport.com/wec/news/wec-driver-market-for-2026/10760068/
"TCS, Qualcomm to set up co-innovation lab in Bengaluru","The lab is set up to enable rapid prototyping, testing, and large-scale deployment of Edge AI solutions using a Software Defined Everything (SDx) framework.","TCS on Wednesday said it has partnered with Qualcomm to set up an innovation lab in Bengaluru to develop smart and scalable capabilities for enterprises.
 The 'TCS Innovation Lab', equipped with 5G … [+1542 chars]",2025-09-17T09:00:17Z,https://www.thehindubusinessline.com/info-tech/tcs-qualcomm-to-set-up-co-innovation-lab-in-bengaluru/article70060423.ece
"Paytm, Eternal among 12 Nifty India Digital stocks that rose up to 80% in just 6 months","Over the past six months, the Nifty India Digital Index gained 18%, outpacing the Nifty 50’s 13%. Sixteen stocks in the index delivered double-digit returns, with 12 rising 20–80%, highlighting strong investor appetite for high-growth, tech-driven companies.L…","Over the past six months, the Nifty India Digital Index gained 18%, outpacing the Nifty 50’s 13%. Sixteen stocks in the index delivered double-digit returns, with 12 rising 20–80%, highlighting stron… [+524 chars]",2025-09-17T08:40:36Z,https://m.economictimes.com/markets/stocks/news/paytm-eternal-among-12-nifty-india-digital-stocks-that-rose-up-to-80-in-just-6-months/solid-returns/slideshow/123940196.cms
"TCS, Qualcomm to set up co-innovation lab in Bengaluru","TCS and Qualcomm have partnered to establish an innovation lab in Bengaluru, focusing on developing smart and scalable Edge AI capabilities for enterprises. Equipped with 5G infrastructure, the lab will create solutions for sectors like healthcare, manufactur…","TCS on Wednesday said it has partnered with Qualcomm to set up an innovation lab in Bengaluru to develop smart and scalable capabilities for enterprises.The 'TCS Innovation Lab', equipped with 5G pri… [+1486 chars]",2025-09-17T08:29:06Z,https://economictimes.indiatimes.com/tech/information-tech/tcs-qualcomm-to-set-up-co-innovation-lab-in-bengaluru/articleshow/123939731.cms
Hollow at the Base - by Manish Singh - India Dispatch,AI is gutting the entry-level jobs that powered India's technology services boom. The consequences will be felt far beyond its borders.,"The foundation of Indias $250 billion technology services industry is a simple bargain. A seemingly endless supply of engineering graduates, earning as little as $5,000 a year, could be trained to pe… [+6900 chars]",2025-09-17T05:47:01Z,https://indiadispatch.com/p/hollow-at-the-base
ETSA Startup of the Year winner Urban Company; Groww files IPO papers,Happy Wednesday! Urban Company CEO Abhiraj Singh Bhal details the company’s bumper listing on the bourses in an exclusive interaction. This and more in today’s ETtech Morning Dispatch.,Happy Wednesday! Public listing bound Urban Company's CEO Abhiraj Singh Bhal details the startups plans. This and more in todays ETtech Morning Dispatch.Also in the letter:VCs go independentIT contra… [+6702 chars],2025-09-17T01:46:35Z,https://economictimes.indiatimes.com/tech/newsletters/morning-dispatch/etsa-startup-of-the-year-winner-urban-company-groww-files-ipo-papers/articleshow/123933112.cms
IT contracts worth $13 billion up for renewal in coming quarters,"About $13 billion worth of IT deals are set for renewal by December, with TCS, Infosys, HCLTech and Wipro competing for mega contracts. Over 600 engagements worth up to $2 billion are in play, as clients demand AI-led efficiencies amid cost pressures, keeping…","About $13 billion worth of IT deals are getting renewed in the six months to December-end, allowing homegrown companies Tata Consultancy Services Ltd (TCS), Infosys, HCLTech, Wipro to vie for a share… [+4255 chars]",2025-09-17T00:30:00Z,https://economictimes.indiatimes.com/tech/information-tech/it-contracts-worth-13-billion-up-for-renewal-in-coming-quarters/articleshow/123927856.cms
20k-Mile 2019 Subaru WRX STi,"This 2019 Subaru WRX STi was acquired new by the seller, and it now has 20k miles. The turbocharged 2.5-liter flat-four has been modified with a COBB air intake, an aftermarket downpipe, a DeatschWerks fuel pump, and an IAG air/oil separator, and shifting is …","This 2019 Subaru WRX STi was acquired new by the seller, and it now has 20k miles. The turbocharged 2.5-liter flat-four has been modified with a COBB air intake, an aftermarket downpipe, a DeatschWer… [+2669 chars]",2025-09-16T16:41:37Z,https://bringatrailer.com/listing/2019-subaru-wrx-sti-24/
"TCS, Infosys, and Cognizant turned H1B program into organized labor trafficking",I'm saying this as an immigrant living here — these parasites are destroying American workers and trapping immigrant workers in wage slavery.They rig the lottery by filing up multiple sometimes even 80 applications for one fake candidate. They flood the syste…,I'm saying this as an immigrant living here — these parasites are destroying American workers and trapping immigrant workers in wage slavery.They rig the lottery by filing up multiple sometimes even … [+692 chars],2025-09-16T15:27:33Z,https://slashdot.org/submission/17340192/tcs-infosys-and-cognizant-turned-h1b-program-into-organized-labor-trafficking
Effects of tDCS of the DLPFC on brain networks: A hybrid brain modeling study,"Author summary Non-invasive brain stimulation techniques are increasingly being explored as additional treatments for neurological and psychiatric disorders. However, due to individual anatomical differences and the incomplete understanding of the underlying …","Abstract
Transcranial direct current stimulation (tDCS) has shown promise in treating neurological disorders, particularly through dorsolateral prefrontal cortex (DLPFC) targeting. However, the effe… [+76134 chars]",2025-09-16T14:00:00Z,https://journals.plos.org/ploscompbiol/article?id=10.1371/journal.pcbi.1013486
LIC raises stake in this IT stock despite a 10% drop this year,"LIC has raised its stake in Tech Mahindra to 10.84% despite a 10% YTD stock decline, signaling confidence in the IT major’s long-term growth potential amid weak global tech spending.","State-owned insurer and institutional investor Life Insurance Corp (LIC) has increased its holding in Tech Mahindra, even as the IT stock has declined 10% so far this year. The countrys largest insur… [+2020 chars]",2025-09-16T12:23:24Z,https://economictimes.indiatimes.com/markets/stocks/news/lic-raises-stake-in-this-it-stock-despite-a-10-drop-this-year/articleshow/123923118.cms
JLR stuck in neutral as losses skyrocket amid cyberattack cleanup,"Latest extension to factory closures takes incident response into fourth week Jaguar Land Rover (JLR) has announced a further extension to its multi-site global shutdown, bringing its cyber-related downtime to nearly four weeks.…","Jaguar Land Rover (JLR) has announced a further extension to its multi-site global shutdown, bringing its cyber-related downtime to nearly four weeks.
The carmaker said on Tuesday that staff had bee… [+2626 chars]",2025-09-16T11:03:25Z,https://www.theregister.com/2025/09/16/jlr_global_shutdown/
Infosys caught in buyback vs AI tangle: What's beneficial for its 26 lakh shareholders?,Infosys announces a massive share buyback. This move raises questions about prioritizing short-term gains over long-term innovation. Experts are divided on whether this is the best use of the company's cash reserves. Some argue for increased investment in AI …,"Infosys has announced an Rs 18,000 crore share buyback, a move that has created a debate on whether the company is resorting to low-hanging fruits rather than creating long-term value with meaningful… [+5386 chars]",2025-09-16T05:03:38Z,https://economictimes.indiatimes.com/markets/stocks/news/infosys-caught-in-buyback-vs-ai-tangle-whats-beneficial-for-its-26-lakh-shareholders/articleshow/123914132.cms
"$1,600 + Shipping Cannondale Habit 4 29er Full Suspension Mountain Bike $1600","The Cannondale Habit 4 Full Suspension Mountain Bike is a trail mountain bike that is primed for grinding climbs, mashing flats, and ripping descents 
 
Here's one for the AL alloy frame folks: 
*...","The Cannondale Habit 4 Full Suspension Mountain Bike is a trail mountain bike that is primed for grinding climbs, mashing flats, and ripping descentsHere's one for the AL alloy frame folks:
<ul><li>… [+1033 chars]",2025-09-16T04:56:56Z,https://slickdeals.net/f/18608041-1-600-shipping-cannondale-habit-4-29er-full-suspension-mountain-bike-1600
India's most hated stocks now contra bets for Rs 75 lakh crore mutual fund industry. Here's why,"Indian fund managers are investing in IT stocks despite market concerns. Mutual funds increased IT sector allocation amidst a downturn. Infosys is a top pick, attracting significant investment. The sector's decline has led to attractive dividend yields. Exper…","While investors are busy debating whether Indian software giants are lagging behind in the AI moonshot race, India's savvy fund managers are doing the unthinkable they're quietly buying into the carn… [+5335 chars]",2025-09-16T04:50:39Z,https://economictimes.indiatimes.com/markets/stocks/news/indias-most-hated-stocks-now-contra-bets-for-rs-75-lakh-crore-mutual-fund-industry-heres-why/articleshow/123913916.cms
"For the class of 2026, the job market is finally turning a corner, says report","Companies are shifting strategies, prioritizing early engagement and variable pay after a tough 2024 placement season, according to a new report by Aon.","India's campus job market is rebounding, with companies expecting to hire more students and offer slightly better compensation this year, according to a new report from professional services firm Aon… [+4009 chars]",2025-09-16T04:35:02Z,https://www.livemint.com/industry/india-campus-hiring-2025-job-market-outlook-campus-placements-pre-placement-offer-aon-study-11757965004526.html
"Day Trading Guide For September 16, 2025 - Intraday supports, resistances for Nifty50 stocks","Day Trading Guide gives you the key intraday supports and resistances to watch out for on the Nifty Futures and other widely traded stocks such as Reliance Industries, Infosys, HDFC Bank, TCS, SBI.","Day Trading Guide gives you the key intraday supports and resistances to watch out for on the Nifty Futures and other widely traded stocks such as Reliance Industries, Infosys, HDFC Bank, TCS, SBI. B… [+2324 chars]",2025-09-16T00:45:00Z,https://www.thehindubusinessline.com/portfolio/day-trading-guide/day-trading-guide-for-september-16-2025-intraday-supports-resistances-for-nifty50-stocks/article70053322.ece
Psychometric evaluation of the Spanish version of the therapeutic communication scale in nursing students,"Background Therapeutic communication is a core component of person-centered nursing care. Despite its clinical relevance, few validated instruments exist in Spanish that objectively assess this competence in undergraduate nursing students.   Objective This st…","Citation: Carballedo-Pulido J, Hurtado-Pardos B, Roldán-Merino J, Berenguer-Poblet M, Tomas-Jimenez M, Lamoglia-Puig M, et al. (2025) Psychometric evaluation of the Spanish version of the therapeutic… [+29097 chars]",2025-09-15T14:00:00Z,https://journals.plos.org/plosone/article?id=10.1371/journal.pone.0332615
"Day Trading Guide For September 16, 2025 - Intraday supports, resistances for Nifty50 stocks","Day Trading Guide gives you the key intraday supports and resistances to watch out for on the Nifty Futures and other widely traded stocks such as Reliance Industries, Infosys, HDFC Bank, TCS, SBI.","Day Trading Guide gives you the key intraday supports and resistances to watch out for on the Nifty Futures and other widely traded stocks such as Reliance Industries, Infosys, HDFC Bank, TCS, SBI. B… [+2324 chars]",2025-09-15T13:01:40Z,https://www.thehindubusinessline.com/portfolio/day-trading-guide/day-trading-guide-for-september-16/article70052582.ece
BlackRock inks ₹410-cr lease with Indiqube for 1.43 lakh sq. ft. office in Bengaluru,"The lease covers ground plus five floors in the building, with rentals fixed at ₹190 per sq. ft per month; BlackRock will also pay a security deposit of ₹21.75 crore","Global investment management firm BlackRock Services India has signed a fresh lease with Indiqube Space Ltd for 1.43 lakh sq. ft at KNG Tower 1 (Indiqube Symphony), MG Road, Ashok Nagar, Bengaluru, a… [+1331 chars]",2025-09-15T12:35:24Z,https://www.thehindubusinessline.com/news/real-estate/blackrock-inks-410-cr-lease-with-indiqube-for-143-lakh-sq-ft-office-in-bengaluru/article70052514.ece
"Jaguar Land Rover supply chain workers must get Covid-style support, says union","As post-cyberattack layoffs begin, labor org argues UK goverment should step in
The UK's chief automotive workers' union is calling on the government to establish a Covid-esque furlough scheme for the thousands of individuals who face losing their jobs due to…",The UK's chief automotive workers' union is calling on the government to establish a Covid-esque furlough scheme for the thousands of individuals who face losing their jobs due to the cyber-related d… [+2600 chars],2025-09-15T10:09:48Z,https://www.theregister.com/2025/09/15/covidstyle_furlough_schemes_for_jlr/
"Mid-market: Nifty trades near day’s low; realty stocks shine, IT majors Infosys, TCS dip","Sensex dipped by 20.40 pts to 81,884.30 at 1.01 pm after opening the day’s trade flat at 81,925.51. Nifty 50 dropped by 14.70 pts to 25,099.30 (close to day’s low of 25,064.65)","Domestic benchmark indices staged volatility as investor sentiment was muted ahead of the US Federal Reserves policy meeting.
Sensex dipped by 20.40 pts or 0.02 per cent to 81,884.30 at 1.01 pm afte… [+1770 chars]",2025-09-15T08:08:45Z,https://www.thehindubusinessline.com/markets/stock-markets/top-gainers-losers-today-sepember-15-2025-nifty-trades-near-days-low-realty-stocks-shine-it-majors-infosys-tcs-dip/article70051812.ece
"Stock Market Live Updates 15 Sept 2025: Rate cut hopes, trade talks to steer equity markets this week","Sensex, Nifty, Share Prices LIVE: Equity markets will closely track the outcome of the US Federal Reserve’s policy meeting on September 17, with analysts widely expecting at least a 25-basis-point rate cut due to signs of slowing US job growth. Such a move co…","Market snapshot: Indian equity indices finished the second consecutive week in positive territory, buoyed by a strong rebound from technology stocks and favorable cues from global markets.
Indices P… [+5261 chars]",2025-09-15T01:12:38Z,https://www.thehindubusinessline.com/markets/share-market-nifty-sensex-live-updates-15th-september-2025/article70048700.ece
"ITR filing 2025: What you should know about Form 26AS, AIS and TIS","If you are confused by personal finance terms, jargon and calculations, here’s a series to simplify and deconstruct these for you. In the 68th part of this series, ET Wealth explains the difference between the three forms that help you file error-free income …","If youve waited till the last day (15 September) to file your income tax return, the rush to ensure compliance could result in avoidable errors, which could invite tax notices or, worse, penalties. O… [+2591 chars]",2025-09-15T01:00:00Z,https://economictimes.indiatimes.com/wealth/tax/itr-filing-2025-what-you-should-know-about-form-26as-ais-and-tis/articleshow/123855275.cms
"India’s IT eyes chip, electronics foray to glide over growth bumps","Experts say that it's a good strategy to de-risk the business, especially when multiple concerns cloud the industry. India’s strong push in this area also makes it a good opportunity for these companies since they already service some of the largest chip manu…",Indias top IT firms are dipping their toes into electronics and semiconductors as a possible diversification strategy given the massive push these areas are getting in the country. This is not just t… [+5579 chars],2025-09-15T00:30:00Z,https://economictimes.indiatimes.com/tech/information-tech/indias-it-eyes-chip-electronics-foray-to-glide-over-growth-bumps/articleshow/123884610.cms
"Improving sentiment may take Nifty towards 25,500: Analysts","Nifty 50 is set to climb towards 25,500. Market breadth is improving. Analysts suggest buying on dips, with support at 24,700. BFSI, auto, consumption, and metals sectors are likely to outperform. IT and infrastructure sectors present bargain-buying chances. …","Nifty 50 reclaimed the 25,000 mark last week. Technical analysts indicate that market sentiment and the index are showing signs of gradually moving towards 25,500. On the downside, immediate supports… [+3498 chars]",2025-09-15T00:10:42Z,https://economictimes.indiatimes.com/markets/stocks/news/improving-sentiment-may-take-nifty-towards-25500-analysts/articleshow/123889523.cms
"ITR can still be filed after September 16, 2025 with payment of late fee and losing some benefits","Individuals had until September 16 2025, to file their income tax returns. Filing after this date incurs penalties and limitations, including late fees and potential loss of certain deductions. Choosing the old tax regime requires filing by the original deadl…","September 16, 2025 was the due date to file an income tax return (ITR) for individuals who are not required to conduct an income tax audit. However, this does not mean that you cant file an ITR after… [+9556 chars]",2025-09-14T12:12:14Z,https://economictimes.indiatimes.com/wealth/tax/itr-can-still-be-filed-after-september-16-2025-with-payment-of-late-fee-and-losing-some-benefits/articleshow/123881368.cms
"ITR can still be filed after September 15, 2025 with payment of late fee and losing some benefits","Individuals have until September 15, 2025, to file their income tax returns. Filing after this date incurs penalties and limitations, including late fees and potential loss of certain deductions. Choosing the old tax regime requires filing by the original dea…","September 15, 2025 is the due date to file an income tax return (ITR) for individuals who are not required to conduct an income tax audit. However, this does not mean that you cant file an ITR after … [+9397 chars]",2025-09-14T12:12:14Z,https://economictimes.indiatimes.com/wealth/tax/itr-can-still-be-filed-after-september-15-2025-with-payment-of-late-fee-and-losing-some-benefits/articleshow/123881368.cms
Dalal Street Optimism Adds Rs 1.7 Lakh Crore To Eight Of Top-10 Valued Firms; Bajaj Finance Biggest Gainer,"The combined market valuation of eight of the top-10 most valued firms jumped by Rs 1,69,506.83 crore last week in tandem with an optimistic trend at the Dalal Street, where Bajaj Finance emerged as the biggest gainer.","Infosys added Rs 33,736.83 crore taking its valuation to Rs 6,33,773.30 crore.
The market capitalisation (mcap) of Tata Consultancy Services (TCS) surged Rs 30,970.83 crore to Rs 11,33,926.72 crore … [+82 chars]",2025-09-14T09:15:05Z,https://www.ndtvprofit.com/markets/dalal-street-optimism-adds-rs-17-lakh-crore-to-eight-of-top-10-valued-firms-bajaj-finance-biggest-gainer
Mcap of eight of top-10 most valued firms jumps by Rs 1.69 lakh cr; Bajaj Finance biggest gainer,"Last week, top Indian companies saw significant market valuation gains, led by Bajaj Finance, Infosys, and TCS.","The combined market valuation of eight of the top-10 most valued firms jumped by Rs 1,69,506.83 crore last week in tandem with an optimistic trend at the Dalal Street, where Bajaj Finance emerged as … [+1395 chars]",2025-09-14T05:12:26Z,https://www.thehindubusinessline.com/companies/mcap-of-eight-of-top-10-most-valued-firms-jumps-by-rs-169-lakh-cr-bajaj-finance-biggest-gainer/article70048292.ece
Mcap of eight of top-10 most valued firms jumps by Rs 1.69 lakh cr; Bajaj Finance biggest gainer,"The combined market valuation of eight of the top-10 most valued firms jumped by Rs 1,69,506.83 crore last week in tandem with an optimistic trend at the Dalal Street, where Bajaj Finance emerged as the biggest gainer.","The combined market valuation of eight of the top-10 most valued firms jumped by Rs 1,69,506.83 crore last week in tandem with an optimistic trend at the Dalal Street, where Bajaj Finance emerged as … [+1462 chars]",2025-09-14T05:07:46Z,https://economictimes.indiatimes.com/markets/stocks/news/mcap-of-eight-of-top-10-most-valued-firms-jumps-by-rs-1-69-lakh-cr-bajaj-finance-biggest-gainer/articleshow/123878593.cms
Market outlook & stock picks: Anand James’ guide for the week,"Nifty’s uptrend continues with limited upside amid low volatility, while IT faces resistance at key levels. Expiry shifts boost volumes, Sebi’s weekly expiry debate heats up. Anand James recommends Datamatics and Graphite as bullish stock opportunities with f…","Anand James of Geojit Investments sees Niftys uptrend intact but capped amid low volatility, with IT facing key resistance levels. Expiry shifts continue to influence volumes, while Sebis weekly expi… [+5477 chars]",2025-09-14T04:52:37Z,https://economictimes.indiatimes.com/markets/stocks/news/market-outlook-stock-picks-anand-james-guide-for-the-week/articleshow/123878447.cms
IT hiring takes a back seat in tariff rollercoaster ride,"IT services companies have cut their overall hiring projections for July-December to 1-3% from 3-5% earlier, data from mass staffing firm Teamlease showed. The industry is short by nearly 150,000 hires compared to start-of-year projections. Recruitment agenci…","The Indian IT hiring story is getting bleaker as global outsourcing demand remains weak amid uncertainty over potential US tariffs, according to data from multiple recruitment firms.IT services compa… [+3254 chars]",2025-09-14T00:30:00Z,https://economictimes.indiatimes.com/tech/information-tech/it-hiring-takes-a-back-seat-in-tariff-rollercoaster-ride/articleshow/123873435.cms
POSH compliance on rise: Sexual harassment complaints at top 30 firms up 6% in FY25,"India's top 30 companies experienced a 6.2% increase in sexual harassment complaints in FY25, signaling growing employee confidence in reporting. While the rise in complaints indicates POSH Act effectiveness, a 21% increase in pending cases raises concern. Ba…","Mumbai: Indias top 30 blue-chip companies saw a 6.2% rise in the number of sexual harassment complaints in the last fiscal, which experts said is a sign of employees feeling safer about speaking out.… [+2736 chars]",2025-09-13T22:30:00Z,https://economictimes.indiatimes.com/news/company/corporate-trends/posh-compliance-on-rise-sexual-harassment-complaints-at-top-30-firms-up-6-in-fy25/articleshow/123874292.cms
"Infosys’ Rs 18,000-cr buyback: How shareholders stand to benefit","Since January this year, Infosys share price has fallen by 20 per cent amid geopolitical uncertainties and trade tensions.","The board of Infosys Ltd approved a Rs 18,000-crore share buyback on Thursday, making it the largest-ever repurchase of securities in the IT majors history. The buyback, which will be through the ten… [+4128 chars]",2025-09-13T04:25:39Z,https://indianexpress.com/article/business/companies/infosys-buyback-shareholders-benefit-10247117/
Twin-Turbocharged 2020 Nissan 370Z NISMO 6-Speed,"This 2020 Nissan 370Z NISMO coupe has 32k miles, and its 3.7-liter V6 has been modified with an AAM Competition Stage 2 twin turbocharger kit, a stainless steel exhaust system, an upgraded fueling system, an aftermarket ECU tune, and an OS Giken twin-disc clu…","This 2020 Nissan 370Z NISMO coupe has 32k miles, and its 3.7-liter V6 has been modified with an AAM Competition Stage 2 twin turbocharger kit, a stainless steel exhaust system, an upgraded fueling sy… [+2363 chars]",2025-09-12T21:55:17Z,https://bringatrailer.com/listing/2020-nissan-370z-11/
Health department shuts down Thai eatery for multiple violations,The state's health department said no hand soap was available at the handwashing sinks in the kitchen and employee restroom.,"HONOLULU (HawaiiNewsNow) - The Hawaii Department of Health (HDOH) has shut down an Aiea eatery due to insufficient refrigeration for food that requires temperature control for safety.
HDOH issued th… [+1266 chars]",2025-09-12T18:00:32Z,https://www.hawaiinewsnow.com/2025/09/12/health-department-shuts-down-thai-food-establishment-multiple-violations/
Infosys’s share buyback: A playbook for Indian IT firms to catch up with AI?,"Infosys’s  ₹18,000-crore buyback boosted shares and signaled a playbook Indian IT giants may follow to reassure investors. But as global rivals like Accenture and IBM ramp up GenAI bets, questions loom over whether Infosys is prioritizing shareholder returns …","Markets on Friday cheered Infosys Ltds 18,000-crore share repurchase plan, a playbook analysts expect Indias top IT services firms to borrow to shore up investor confidence while they catch up with a… [+6093 chars]",2025-09-12T11:13:01Z,https://www.livemint.com/companies/infosys-buyback-vs-ai-investments-indian-it-11757665290743.html
TCS introduces chiplet-based services for semiconductor design,"TCS will utilise small circuits called chiplets as building blocks for developing faster, more efficient processors.","Indias Tata Consultancy Services (TCS) has launched its Chiplet-based System Engineering Services to enable semiconductor companies design faster and more powerful chips.
The company will use chiple… [+2605 chars]",2025-09-12T10:42:13Z,https://www.verdict.co.uk/tcs-chiplet-based-services/
TCS inks pact with C-DAC to develop India's sovereign cloud ecosystem,"The collaboration will focus on research to develop indigenous technologies and deliver scalable, AI-enabled cloud platforms that align with India's data localisation mandates and support the digitisation of critical public sector services, the company said i…",Tata Consultancy Services (TCS) on Friday said it has signed a pact with the Centre for Development of Advanced Computing (C-DAC) to drive and scale the development of India's sovereign cloud ecosyst… [+1506 chars],2025-09-12T09:15:14Z,https://economictimes.indiatimes.com/tech/information-tech/tcs-inks-pact-with-c-dac-to-develop-indias-sovereign-cloud-ecosystem/articleshow/123848533.cms
TCS inks pact with C-DAC to develop India's sovereign cloud ecosystem,Collaboration aims to reduce dependence on global hyperscalers by creating a future-ready sovereign cloud ecosystem based on OpenStack and indigenous technologies,Tata Consultancy Services (TCS) on Friday said it has signed a pact with the Centre for Development of Advanced Computing (C-DAC) to drive and scale the development of India's sovereign cloud ecosyst… [+1551 chars],2025-09-12T08:59:09Z,https://www.thehindubusinessline.com/info-tech/tcs-inks-pact-with-c-dac-to-develop-indias-sovereign-cloud-ecosystem/article70041230.ece
"Nischal Maheshwari on Infosys buyback, auto festive push, defence pause & realty risks","Infosys’ share buyback, though priced slightly lower than expected, is seen as a positive signal for the IT sector, with experts predicting similar moves from TCS and Wipro. The buybacks are expected to boost return ratios and benefit investors.","With Infosys announcing its share buyback at a slightly lower price than expected, investors are wondering about the sentiment around IT stocks. Market expert Nischal Maheshwari believes the move wil… [+2324 chars]",2025-09-12T08:37:05Z,https://economictimes.indiatimes.com/markets/stocks/news/nischal-maheshwari-on-infosys-buyback-auto-festive-push-defence-pause-realty-risks/articleshow/123847855.cms
"US-India trade talks will take time, markets should stay patient: Sudip Bandyopadhyay","Indian markets remain range-bound as investors await clear triggers, with buybacks in IT stocks sparking excitement and metals gaining on order flows. Sudip Bandyopadhyay notes structural strength in large-caps, cement, and infrastructure, while FMCG recovery…","The Indian stock market continues to witness sectoral shifts, with certain beaten-down segments showing signs of resurgence. According to market expert Sudip Bandyopadhyay, recent movements have been… [+2003 chars]",2025-09-12T07:13:44Z,https://economictimes.indiatimes.com/markets/stocks/news/us-india-trade-talks-will-take-time-markets-should-stay-patient-sudip-bandyopadhyay/articleshow/123846315.cms
"TCS, Infosys, Wipro see price targets slashed by Jefferies as AI shift clouds outlook","Jefferies has cut price targets for TCS, Infosys, Wipro, HCLTech, and Tech Mahindra amid AI-driven disruption and slow global tech spending. While preferring Coforge and HCLTech, the brokerage warns that large-cap IT valuations already reflect optimism, advis…","Foreign brokerage firm Jefferies has turned more cautious on Indian IT services stocks, revising its target prices for TCS, Infosys, HCLTech, Wipro and Tech Mahindra, while maintaining its preference… [+2550 chars]",2025-09-12T06:50:06Z,https://economictimes.indiatimes.com/markets/stocks/news/tcs-infosys-wipro-see-price-targets-slashed-by-jefferies-as-ai-shift-clouds-outlook/articleshow/123845773.cms
Infosys shares climb over 2% on largest-ever share buyback programme,"Infosys stock rises 2% as company announces largest-ever share buyback program worth ₹18,000 crore.","Shares of the company went up by 2.32% to 1,544.65 on the BSE; At the NSE, the stock climbed 2.19% to 1,542.90
The stock of Infosys climbed over 2 per cent on Friday morning trade after the IT servi… [+1250 chars]",2025-09-12T05:52:46Z,https://www.thehindubusinessline.com/markets/stock-markets/infosys-shares-climb-over-2-on-largest-ever-share-buyback-programme/article70040777.ece
"TCS, Wipro, Infosys Share Price Target Reduced By Jefferies - What's Weighing On Stocks? Details Inside","TCS, Infosys and Wipro's share price targets were reduced by Jefferies, as the research firm believes that AI may drive 20% revenue deflation in IT services over CY25-30, said Jefferies on Friday. The brokerage said that the revenue-deflation's impact in IT s…","The brokerage noted that AI is likely to limit growth in the IT services market to 1.5%-3% CAGR over 2024-29 due to three key reasons.
Clients may delay IT spending on concerns of rapid AI advanceme… [+746 chars]",2025-09-12T04:23:34Z,https://www.ndtvprofit.com/markets/tcs-wipro-infosys-share-price-target-reduced-by-jefferies-whats-weighing-on-stocks-details-inside
"RailTel shares in focus after securing Rs 103 crore work orders from Nashik, Panvel municipal bodies",RailTel received two major project orders worth ₹103.46 crore from Nashik Smart City and Panvel Municipal Corporation for smart city and connectivity infrastructure projects aligned with its core services.,"Shares of RailTel Corporation of India are expected to remain in focus on Friday, September 12, following the company's announcement of receiving two major project work orders from municipal bodies i… [+2059 chars]",2025-09-12T03:54:42Z,https://economictimes.indiatimes.com/markets/stocks/news/railtel-shares-in-focus-after-securing-rs-103-crore-work-orders-from-nashik-panvel-municipal-bodies/articleshow/123842601.cms
NLC India shares in focus following MoU with KABIL for global critical mineral projects,"Shares of NLC India may remain in focus after the company signed an MoU with Khanij Bidesh India (KABIL) to jointly identify, acquire, and develop critical mineral and rare earth element assets globally. The move aims to secure India’s access to essential min…","Shares of NLC India are likely to be in focus on Friday, September 12, after the company announced the signing of a memorandum of understanding (MoU) with Khanij Bidesh India (KABIL).The agreement, f… [+1740 chars]",2025-09-12T03:35:41Z,https://economictimes.indiatimes.com/markets/stocks/news/nlc-india-shares-in-focus-following-mou-with-kabil-for-global-critical-mineral-projects/articleshow/123842400.cms
Bharat Forge shares in focus following 2 defence and aerospace collaborations,"Bharat Forge has announced international partnerships, boosting its defence and aerospace presence. A collaboration with Windracers (UK) will localize UAV production in India, targeting military and civil sectors. Separately, Kalyani Strategic Systems secured…","Shares of Bharat Forge are expected to remain in sharp focus on Friday, September 12, after the company announced two significant international partnerships that bolster its presence in the global de… [+2748 chars]",2025-09-12T02:56:54Z,https://economictimes.indiatimes.com/markets/stocks/news/bharat-forge-shares-in-focus-following-2-defence-and-aerospace-collaborations/articleshow/123841918.cms
"Top Dividend Stocks: TCS, Nestle, HUL, Infosys, Bajaj Auto - Returns, Valuations Explained","Assessing dividend-paying stocks requires investors to examine both historical returns and current valuations. Several companies have delivered significant returns, according to data compiled by NDTV Profit.","TCS stands out with the highest cumulative dividend payment of Rs 649.5 per share over the last decade. It also registered a solid return of 145.74% since April 1, 2015.
With a one-year forward PE r… [+305 chars]",2025-09-12T02:53:29Z,https://www.ndtvprofit.com/markets/top-dividend-stocks-tcs-nestle-hul-infosys-bajaj-auto-returns-valuations-explained
Asian Paints shares in focus as Court rejects plea to quash antitrust probe,"Asian Paints share price: The Bombay High Court dismissed Asian Paints plea to quash a CCI probe into alleged market abuse. The investigation, triggered by rival Birla Opus, accuses Asian Paints of unfair dealer practices to stifle competition.","Asian Paints shares are likely to be in the spotlight on Friday, September 12, after an Indian court dismissed the companys plea to halt an ongoing antitrust investigation into alleged market abuse p… [+1662 chars]",2025-09-12T02:45:24Z,https://economictimes.indiatimes.com/markets/stocks/news/asian-paints-shares-in-focus-as-court-rejects-plea-to-quash-antitrust-probe/articleshow/123841759.cms
"Infosys shares rise 2% after Rs 18,000 crore buyback announcement","Infosys share price: Infosys shares rose after announcing a Rs 18,000 crore share buyback. The buyback price is Rs 1,800 per share. This is a 19% premium over the previous closing price. The company plans to repurchase around 10 crore shares. This represents …","Shares of Infosys jumped 2.3% to a days high of Rs 1,544.65 on the BSE in early trade on Friday, a day after the company announced its largest-ever share buyback worth Rs 18,000 crore. The buyback, t… [+3362 chars]",2025-09-12T02:42:10Z,https://economictimes.indiatimes.com/tech/information-tech/infosys-shares-in-focus-as-co-announces-its-biggest-rs-18000-crore-share-buyback-at-19-premium/articleshow/123843664.cms
"Infosys shares in focus as co announces its biggest Rs 18,000 crore share buyback at 19% premium","Infosys share price: Infosys has announced its biggest-ever share buyback worth Rs 18,000 crore via the tender route at Rs 1,800 per share, a 19% premium over Thursday's closing price. The move aims to repurchase 10 crore shares (2.41% equity) and boost share…","Shares of Infosys will be in the spotlight on Friday, a day after the company announced its biggest-ever share buyback worth Rs 18,000 crore. The buyback will be conducted through the tender offer ro… [+3400 chars]",2025-09-12T02:42:10Z,https://economictimes.indiatimes.com/markets/stocks/news/infosys-shares-in-focus-as-co-announces-its-biggest-rs-18000-crore-share-buyback-at-19-premium/articleshow/123841692.cms
"Stock Market Highlights 12 September 2025: Sensex closed 355.97 pts or 0.44% higher at 81,904.70. Nifty 50 increased by 108.50 pts or 0.43% to settle at 25,114.00","Sensex, Nifty, Share Prices LIVE 12 September 2025: Benchmark indices the BSE Sensex and NSE Nifty spurted up 0.5 per cent each at mid-session on Friday. Sensex closed 355.97 pts or 0.44% higher at 81,904.70. Nifty 50 increased by 108.50 pts or 0.43% to settl…","<li></li>
September 12, 2025 16:13Share market live today: Rupee recovers 7 paise from all-time low level to close at 88.28 against US dollar
Rupee recovers 7 paise from all-time low level to close… [+46676 chars]",2025-09-12T01:12:11Z,https://www.thehindubusinessline.com/markets/share-market-nifty-sensex-highlights-12-september-2025/article70037458.ece
"Day Trading Guide for September 12, 2025: Intraday supports, resistances for Nifty50 stocks","The Day Trading Guide provides key intraday support and resistance levels to watch for on Nifty Futures and widely traded stocks such as Reliance Industries, Infosys, HDFC Bank, TCS, and SBI","Day Trading Guide gives you the key intraday supports and resistances to watch out for on the Nifty Futures and other widely traded stocks such as Reliance Industries, Infosys, HDFC Bank, TCS, SBI. B… [+2392 chars]",2025-09-12T00:47:00Z,https://www.thehindubusinessline.com/portfolio/day-trading-guide/day-trading-guide-september-12-2025-nifty50-support-resistance/article70037722.ece
"Infosys approves fifth buyback worth Rs18,000 crore, its largest",The buyback continues a tradition of IT services companies returning excess back to shareholders. TCS and Wipro have both engaged in three buybacks each over the last five years.,"Infosys Ltd said it will spend 18,000 crore to repurchase shares from the market, marking the biggest buyback yet by India's second-largest IT services company.
The company will buy back 100 million… [+3717 chars]",2025-09-11T18:04:51Z,https://www.livemint.com/companies/infosys-approves-fifth-buyback-worth-rs18-000-crore-its-largest-11757609475622.html
"Infosys board approves Rs 18,000-crore share buyback proposal",The board of the Bengaluru-headquartered company held a meeting on Thursday to consider the proposal,"India's second-largest IT firm on September 11 approved a share buyback proposal worth Rs 18,000 crore for Rs 1,800 per share, the company said in a statement.
The share buyback program does not exc… [+1591 chars]",2025-09-11T16:30:20Z,https://www.moneycontrol.com/news/business/information-technology/infosys-board-approves-rs-18-000-crore-share-buyback-proposal-13540333.html
(PR) TCS Unveils Chiplet-Based System Engineering Services to Accelerate Semiconductor Innovation,"Tata Consultancy Services a global leader in IT services, consulting, and business solutions, announced the launch of its Chiplet-based System Engineering Services, designed to help semiconductor companies push the boundaries of traditional chip design. By us…","Tata Consultancy Services a global leader in IT services, consulting, and business solutions, announced the launch of its Chiplet-based System Engineering Services, designed to help semiconductor com… [+4088 chars]",2025-09-11T14:35:15Z,https://www.techpowerup.com/340896/tcs-unveils-chiplet-based-system-engineering-services-to-accelerate-semiconductor-innovation
The mTORC2 subunit RICTOR drives breast cancer progression by promoting ganglioside biosynthesis through transcriptional and epigenetic mechanisms,"Previous work has shown that the mTORC2 complex regulates lipid synthesis in cancer, but the underlying mechanisms are not fully understood. This study shows that RICTOR, the regulatory subunit of mTORC2, regulates the synthesis of sphingolipids and gangliosi…","Materials
Cell culture.
MCF-7, BT-474, MDA-MB-453, HCT-116, HEK-293 cells (ATCC, USA), DMEM media (Cat# D5648) Sigma, USA, MEBM media (Cat# CC-3151) Lonza, Switzerland, MEM media (Cat# AL081) HiMed… [+32634 chars]",2025-09-11T14:00:00Z,https://journals.plos.org/plosbiology/article?id=10.1371/journal.pbio.3003362
Mathematical modeling and simulation of tumor-induced angiogenesis in retinal hemangioblastoma,Author summary Tumor-induced angiogenesis is a survival strategy commonly exploited by solid tumors to access further nutrients and sustain their growth. The recent introduction of Optical Coherence Tomography Angiography (OCTA) enables scientists and physici…,"Abstract
Retinal Hemangioblastoma (RH) is the most frequent manifestation of the von Hippel-Lindau syndrome (VHL), a rare disease associated with the germline mutation of the von Hippel-Lindau prote… [+60430 chars]",2025-09-11T14:00:00Z,https://journals.plos.org/ploscompbiol/article?id=10.1371/journal.pcbi.1012799
"As Infosys Mulls Buyback, Will TCS Follow Suit?","Infosys Ltd.'s move to consider a share buyback proposal has stirred excitement across the Indian IT sector. Global brokerage CLSA believes that Tata Consultancy Services Ltd., the country’s largest IT services company, may also be prompted to explore a simil…","Infosys Ltd.'s move to consider a share buyback proposal has stirred excitement across the Indian IT sector. Global brokerage CLSA believes that Tata Consultancy Services Ltd., the countrys largest I… [+1036 chars]",2025-09-11T11:43:10Z,https://www.ndtvprofit.com/markets/as-infosys-mulls-share-buyback-will-tata-consultancy-services-tcs-follow-suit
TCS launches chiplet-based system engineering services to accelerate semiconductor innovation,"Tata Consultancy Services has launched chiplet-based system engineering services to accelerate semiconductor innovation and support India's ambition to become a global semiconductor hub. These services will assist companies in developing faster, more powerful…","Country's largest IT services firm Tata Consultancy Services (TCS) on Thursday announced the launch of its chiplet-based system engineering services, aimed at accelerating semiconductor innovation an… [+1969 chars]",2025-09-11T10:54:00Z,https://economictimes.indiatimes.com/tech/information-tech/tcs-launches-chiplet-based-system-engineering-services-to-accelerate-semiconductor-innovation/articleshow/123829513.cms
What ails Hinjewadi: Growth and governance challenges in Pune’s IT hub,"In our next part of the series, we invite IT heads and industry owners to write about their experiences of running a business in the fragile environment of Hinjewadi.","Pune, a burgeoning economic powerhouse, contributes significantly to Indias IT exports, with total exports estimated at Rs 1,05,818 crore (approximately $12 billion), trailing Bengalurus $48 billion.… [+7622 chars]",2025-09-11T10:39:57Z,https://indianexpress.com/article/cities/pune/what-ails-hinjewadi-growth-and-governance-challenges-in-punes-it-hub-10243806/
"At $88.5 billion, Larry Ellison made more money in 1 day than Gautam Adani's net worth","Larry Ellison's wealth surged by $88.5 billion on Wednesday, marking the largest single-day increase ever recorded by Bloomberg's Billionaires Index, driven by Oracle's stock rally. This surge, fueled by optimistic forecasts for cloud infrastructure revenue g…","Larry Ellisons fortune swelled by $88.5 billion on Wednesday, the largest single-day net worth increase ever recorded by Bloombergs Billionaires Index. The overnight windfall was greater than the ent… [+2854 chars]",2025-09-11T07:47:10Z,https://economictimes.indiatimes.com/markets/stocks/news/at-88-5-billion-larry-ellison-made-more-money-in-1-day-than-gautam-adanis-net-worth/articleshow/123825562.cms
Larry Ellison beats Elon Musk in billionaire's game. Is Oracle ready to dethrone Tesla from the world's top 10 list?,"Larry Ellison, the Oracle founder, briefly surpassed Elon Musk to become the world's richest person. This happened after Oracle shares surged, increasing the company's market value significantly. Oracle's rise is due to promising forecasts for its cloud infra…",Larry Ellison briefly overtook Elon Musk as the worlds richest man on Wednesday after a historic rally in Oracle Corp shares added $244 billion to the software giants market value. The surge pushed O… [+3466 chars],2025-09-11T06:48:09Z,https://economictimes.indiatimes.com/markets/stocks/news/larry-ellison-beats-elon-musk-in-billionaires-game-is-oracle-ready-to-dethrone-tesla-from-the-worlds-top-10-list/articleshow/123824343.cms
TCS launches Chiplet Engineering Services to boost semiconductor innovation,The new services help chipmakers design faster and more efficient processors using chiplets—small integrated circuits that serve as building blocks for larger chips,"Tata Consultancy Services (TCS) announced Wednesday the launch of its Chiplet-based System Engineering Services, targeting semiconductor companies seeking to accelerate next-generation chip design. T… [+1575 chars]",2025-09-11T06:21:04Z,https://www.thehindubusinessline.com/markets/stock-markets/tcs-launches-chiplet-engineering-services-to-boost-semiconductor-innovation/article70036646.ece
"LIC shares fall 15% in a year, over 70% of portfolio stocks fall up to 70%","LIC is facing a challenging year, with its shares down 15% and over 70% of its portfolio stocks in the red, some plunging as much as 74%. Despite the overall slump, select holdings like Tourism Finance Corporation and Laurus Labs have delivered strong gains.","Indias largest life insurer, Life Insurance Corporation of India (LIC), has seen its share price slip 15% over the past year, hurting more than 22 crore public shareholders. At the same time, over 70… [+5467 chars]",2025-09-11T05:26:24Z,https://economictimes.indiatimes.com/markets/stocks/news/lic-shares-fall-15-in-a-year-over-70-of-portfolio-stocks-fall-up-to-70/articleshow/123822766.cms
"Oracle's $244 billion single-day rally as big as entire IT trinity of TCS, Infosys, HCL Tech","Oracle's shares surged by 36%, adding $244 billion to its market cap after projecting substantial cloud infrastructure revenue growth, potentially reaching $144 billion by fiscal 2030. This rally briefly elevated Larry Ellison's wealth, nearing Elon Musk's.","Gigantic enough to make co-founder Larry Ellison snatch away Elon Musk's title of world's richest billionaire briefly, the $244 billion rally in Oracle shares on Wednesday equals the combined market … [+2362 chars]",2025-09-11T05:20:59Z,https://economictimes.indiatimes.com/markets/stocks/news/oracles-244-billion-single-day-rally-as-big-as-entire-it-trinity-of-tcs-infosys-hcl-tech/articleshow/123822680.cms
"Oracle's $244 billion single-day rally as big as entire IT trinity of TCS, Infosys, HCL Tech","Oracle's shares surged by 36%, adding $244 billion to its market cap after projecting substantial cloud infrastructure revenue growth, potentially reaching $144 billion by fiscal 2030. This rally briefly elevated Larry Ellison's wealth, nearing Elon Musk's.","Gigantic enough to make co-founder Larry Ellison snatch away Elon Musk's title of world's richest billionaire briefly, the $244 billion rally in Oracle shares on Wednesday equals the combined market … [+2298 chars]",2025-09-11T05:20:59Z,https://economictimes.indiatimes.com/tech/information-tech/oracles-244-billion-single-day-rally-as-big-as-entire-it-trinity-of-tcs-infosys-hcl-tech/articleshow/123827420.cms
"Stock Picks Today: Adani Ports, TCS, Godrej Consumer On Brokerages' Radar","Adani Ports & Special Economic Zone Ltd., Adani Energy Ltd., Tata Consultancy Services Ltd., are among the companies garnering brokerage commentary today. Analysts have shared their insights and, in several cases, revised their target prices based on their up…","Adani Ports &amp; Special Economic Zone Ltd., Adani Energy Ltd., Tata Consultancy Services Ltd., are among the companies garnering brokerage commentary today.
Analysts have shared their insights and… [+162 chars]",2025-09-11T03:11:33Z,https://www.ndtvprofit.com/markets/stock-picks-today-adani-ports-tcs-godrej-consumer-on-brokerages-radar
"Buy BSE, TCS Shares, Suggests Analyst Kunal Rambhia - Check Target Price, Stop Loss And More","Kunal Rambhia, Fund Manager & Trading Strategist at The Streets, is bullish on BSE Ltd. and Tata Consultancy Services Ltd., issuing buy calls on both the stocks heading into trade today.","Rambhia has issued a 'Buy' call on TCS as well, with a target price of Rs 3,250 and a stop loss of Rs 3,100. The stock closed 4.5% on Wednesday at Rs 3,110.
Rambhia is not the only one bullish on TC… [+500 chars]",2025-09-11T02:41:58Z,https://www.ndtvprofit.com/markets/buy-bse-tcs-shares-suggests-analyst-kunal-rambhia-check-target-price-stop-loss-and-more
H-1B reality hits home; Games24x7 layoffs,Happy Thursday! The once-popular H-1B visas are now going out of fashion. This and more in today's ETtech Morning Dispatch.,Happy Thursday! The once-popular H-1B visas are now going out of fashion. This and more in today's ETtech Morning Dispatch.Also in the letter:Therapy meets its copilotETtech Done DealsAIs legal dilem… [+5388 chars],2025-09-11T01:30:48Z,https://economictimes.indiatimes.com/tech/newsletters/morning-dispatch/h-1b-reality-hits-home-games24x7-layoffs/articleshow/123819566.cms
"Share Market Highlights: Sensex rises 124 points, Nifty reclaims 25,000 despite rupee hitting record low","Sensex, Nifty updates on 11 September 2025: The benchmark indices ended higher on Thursday, extending their winning run, buoyed by global market optimism and hopes of a US Federal Reserve rate cut. The BSE Sensex gained 123.58 points, or 0.15 per cent, to clo…","<li></li>
September 11, 2025 16:35The live blog is now closed.
<li></li>
September 11, 2025 16:11Stock market live today: Sensex up 124 pts, Nifty holds 25,000 mark in flat close
Vaibhav Vidwani,… [+100920 chars]",2025-09-11T01:15:50Z,https://www.thehindubusinessline.com/markets/stock-market-highlights-11-septmber-2025/article69123955.ece
"Day Trading Guide for September 11, 2025: Intraday supports, resistances for Nifty50 stocks","The Day Trading Guide provides key intraday support and resistance levels to watch for on Nifty Futures and widely traded stocks such as Reliance Industries, Infosys, HDFC Bank, TCS, and SBI","Day Trading Guide gives you the key intraday supports and resistances to watch out for on the Nifty Futures and other widely traded stocks such as Reliance Industries, Infosys, HDFC Bank, TCS, SBI. B… [+2323 chars]",2025-09-11T01:02:00Z,https://www.thehindubusinessline.com/portfolio/day-trading-guide/day-trading-guide-for-september-11/article70033507.ece
IT stocks surge as Trump signals progress in US-India trade talks,"IT stocks surged following positive comments from Donald Trump regarding US-India trade negotiations, easing concerns about potential tariffs. Optimism surrounding a possible US Federal Reserve rate cut and Infosys' share buyback further fueled the rally. Inv…","Mumbai: Information technology stocks extended gains Wednesday after Donald Trump said the US and India were actively negotiating trade terms and were close to a ""successful conclusion"", easing worri… [+2475 chars]",2025-09-11T00:48:19Z,https://economictimes.indiatimes.com/markets/stocks/news/it-stocks-surge-as-trump-signals-progress-in-us-india-trade-talks/articleshow/123819481.cms
Indian IT cuts H-1B reliance to get the jobs done in US,"Indian IT firms are reducing their reliance on H1B visas due to rising costs and complex immigration policies, with top companies cutting issuances significantly. Conversely, US tech giants like Amazon and Microsoft continue to sponsor H1B visas to attract In…","Indias software services companies are increasingly cutting their reliance on H-1B work visas for hiring talent in the US, as immigration mandates become more complex and expensive.Over the past five… [+2572 chars]",2025-09-11T00:30:00Z,https://economictimes.indiatimes.com/tech/information-tech/indian-it-cuts-h-1b-reliance-to-get-the-jobs-done-in-us/articleshow/123815639.cms
US Senator Proposes HIRE Act: What It Means for Indian IT Companies,"US Senator proposes HIRE Act, a 25% tax on outsourcing. Impacts Indian IT giants like TCS, Infosys, potentially shifting jobs onshore.","Washington, D.C.  Senator Bernie Moreno (R-Ohio) has introduced the Halting International Relocation of Employment Act (HIRE Act), a legislation aimed at discouraging U.S. companies from outsourcing … [+3247 chars]",2025-09-11T00:00:00Z,https://www.c-sharpcorner.com/news/us-senator-proposes-hire-act-what-it-means-for-indian-it-companies
Sweden eyes big expansion in its trade partnership with India,"Sweden hosted 'Time for Sweden' in New Delhi. The event highlighted growing India-Sweden ties. Collaboration focuses on trade, investment, and innovation. Swedish firms actively contribute to India's green transition. Over 280 Swedish companies operate in Ind…","Sweden, India's close partner in the Nordic region, has hosted the 'Time for Sweden' autumn launch event, highlighting the growing trade, investment, and innovation opportunities between India and Sw… [+4215 chars]",2025-09-10T17:11:15Z,https://economictimes.indiatimes.com/news/economy/foreign-trade/sweden-eyes-big-expansion-in-its-trade-partnership-with-india/articleshow/123813715.cms
2025 Global AML Company Evaluation Report Analyzes Top 24 Companies Shaping Anti-Money Laundering Solutions,"The Anti-Money Laundering (AML) Companies Quadrant analysis delivers critical insights into the global AML market, highlighting key players such as LexisNexis, Oracle, and FIS. This evaluation identifies 24 industry leaders based on revenue, geographical pres…","Dublin, Sept. 10, 2025 (GLOBE NEWSWIRE) -- The ""Anti-money Laundering (AML) - Company Evaluation Report, 2025"" has been added to ResearchAndMarkets.com's offering.
The Anti-Money Laundering Companie… [+6686 chars]",2025-09-10T14:40:00Z,https://www.globenewswire.com/news-release/2025/09/10/3147946/28124/en/2025-Global-AML-Company-Evaluation-Report-Analyzes-Top-24-Companies-Shaping-Anti-Money-Laundering-Solutions.html
Mint Explainer: What prompted Infosys to announce a buyback?,"Infosys' decision comes amid an uncertain demand environment and slow growth for the country's second-largest IT services firm, along with dwindling share prices since the start of the year. Why did Infosys conduct a buyback and what does it mean for sharehol…",Infosys Ltd will consider a buyback of shares on 11 September. This is the fifth time since its public listing in 1993 that the countrys second-largest IT services company will undertake such an exer… [+4066 chars],2025-09-10T13:22:48Z,https://www.livemint.com/companies/infosys-share-buyback-infosys-share-price-infosys-cash-reserves-infosys-dividend-policy-infosys-stock-performance-11757504383104.html
Urban Company IPO sails through; iPhone 17 to be built in India,The Urban Company IPO opened to a strong investor response. This and more in today’s ETtech Top 5.,"The Urban Company IPO opened to a strong investor response. This and more in todays ETtech Top 5.Also in the letter: Musk goes All-In on GrokTatas tusker troublesTrump 2.0 impact
Urban Company IPO s… [+7159 chars]",2025-09-10T13:21:37Z,https://economictimes.indiatimes.com/tech/newsletters/tech-top-5/urban-company-ipo-sails-through-iphone-17-to-be-built-in-india/articleshow/123810422.cms
Urban Company IPO oversubscribed; iPhone 17 to be made in India,The Urban Company IPO opened to a strong investor response. This and more in todays ETtech Top 5.,"The Urban Company IPO opened to a strong investor response. This and more in todays ETtech Top 5.Also in the letter: Musk goes All-In on GrokTatas tusker troublesTrump 2.0 impact
Urban Company IPO s… [+7013 chars]",2025-09-10T13:21:37Z,https://economictimes.indiatimes.com/tech/newsletters/tech-top-5/urban-company-ipo-oversubscribed-iphone-17-to-be-made-in-india/articleshow/123810422.cms
Performance Improvements in .NET 10,"Take a tour through hundreds of performance improvements in .NET 10.
The post Performance Improvements in .NET 10 appeared first on .NET Blog.","My kids love “Frozen”. They can sing every word, re-enact every scene, and provide detailed notes on the proper sparkle of Elsa’s ice dress. I’ve seen the movie more times than I can recount, to the … [+399435 chars]",2025-09-10T13:00:00Z,https://devblogs.microsoft.com/dotnet/performance-improvements-in-net-10/
Market Wrap: Sensex jumps 324 points; Nifty 50 tops extends rally to day 6 on US-India trade talks hopes,"Indian equities extended their winning streak on Wednesday, with the Nifty notching a sixth consecutive day of gain, after U.S. President Donald Trump said his administration is continuing negotiations to address trade barriers with India","Indian equities extended their winning streak on Wednesday, with the Nifty notching a sixth consecutive day of gain, after U.S. President Donald Trump said his administration is continuing negotiatio… [+1367 chars]",2025-09-10T10:20:03Z,https://economictimes.indiatimes.com/markets/stocks/news/market-wrap-sensex-jumps-324-points-nifty-50-tops-extends-rally-to-day-6-on-us-india-trade-talks-hopes/articleshow/123806708.cms
