title,description,content,publishedAt,url
"Mastercard, HyperPay to launch commercial cards in Saudi Arabia","Following this introduction, there are plans to expand these offerings to the United Arab Emirates (UAE) and Qatar.","Mastercard has entered into a partnership with HyperPay, a payment gateway provider in the Middle East and North Africa (MENA) region, to launch commercial card products in Saudi Arabia.
Following t… [+2723 chars]",2025-09-19T08:40:57Z,https://www.electronicpaymentsinternational.com/news/mastercard-hyperpay-to/
"Adani stocks defy market slump as Sensex, Nifty retreat after recent rally","A total of 3,042 stocks were traded in the market. Out of these, 1,483 stocks advanced, while 1,446 declined and 113 remained unchanged","Equity benchmark indices tanked on Friday, retreating after a rally driven by US Fed rate cuts and trade negotiations. Despite the market movement, Adani group stocks surged following SEBIs dismissal… [+2335 chars]",2025-09-19T08:26:43Z,https://www.thehindubusinessline.com/markets/stock-markets/adani-stocks-defy-market-slump-as-sensex-nifty-retreat-after-recent-rally/article70069171.ece
What sets great brokers apart from good ones? These 16 Angel One features offer clues,"Brokerage platforms are increasingly integrating analytics-driven tools to enhance trading and investment experiences. Angel One leads with a comprehensive suite of features, including instant order placement from charts, index trading, and advanced portfolio…","Price movements happen in seconds. Trends form and reverse in real time. Whether you are a trader chasing breakouts or an investor tracking your mutual funds, the challenge is not just spotting oppor… [+9749 chars]",2025-09-19T07:08:46Z,https://economictimes.indiatimes.com/markets/options/what-sets-great-brokers-apart-from-good-ones-these-16-angel-one-features-offer-clues/articleshow/123992460.cms
"Bloomberg seeks investor feedback on including India in global bond index, document shows","Bloomberg Index Services is gauging investor sentiment regarding the inclusion of Indian government bonds in its global aggregate index, following their addition to the emerging market local currency bond index in January 2025. With $502 billion in fully acce…","(What's moving Sensex and Nifty Track latest market news, stock tips, Budget 2025, Share Market on Budget 2025 and expert advice, on ETMarkets. Also, ETMarkets.com is now on Telegram. For fastest new… [+330 chars]",2025-09-19T05:38:13Z,https://economictimes.indiatimes.com/markets/bonds/bloomberg-seeks-investor-feedback-on-including-india-in-global-bond-index-document-shows/articleshow/123990838.cms
"Infosys, HanesBrands Announce 10-Year AI-Driven Strategic Alliance","Infosys Limited (NYSE:INFY) is one of the best growth stocks under $30 to buy. On September 11, Infosys and HanesBrands Inc. (NYSE:HBI) announced a strategic...","Infosys Limited (NYSE:INFY) is one of the best growth stocks under $30 to buy. On September 11, Infosys and HanesBrands Inc. (NYSE:HBI) announced a strategic ten-year alliance to drive innovation and… [+1748 chars]",2025-09-19T04:46:52Z,https://finance.yahoo.com/news/infosys-hanesbrands-announce-10-ai-044652718.html
"BOJ keeps interest rates steady, decides to start selling ETFs","The Bank of Japan has maintained its short-term interest rates at 0.5%. However, the central bank decided to begin selling its exchange-traded funds and real-estate investment trusts. Naoki Tamura and Hajime Takata dissented to the decision. Governor Kazuo Ue…","(What's moving Sensex and Nifty Track latest market news, stock tips, Budget 2025, Share Market on Budget 2025 and expert advice, on ETMarkets. Also, ETMarkets.com is now on Telegram. For fastest new… [+330 chars]",2025-09-19T04:37:29Z,https://economictimes.indiatimes.com/markets/stocks/news/boj-keeps-interest-rates-steady-decides-to-start-selling-etfs/articleshow/123989780.cms
"BOJ keeps interest rates steady, decides to start selling ETFs","The Bank of Japan (BOJ) has decided to maintain its short-term interest rates at 0.5% following a two-day policy meeting. However, in a significant shift, the BOJ will begin selling its holdings of exchange-traded funds (ETFs) and real-estate investment trust…","(What's moving Sensex and Nifty Track latest market news, stock tips, Budget 2025, Share Market on Budget 2025 and expert advice, on ETMarkets. Also, ETMarkets.com is now on Telegram. For fastest new… [+330 chars]",2025-09-19T04:11:00Z,https://economictimes.indiatimes.com/markets/stocks/news/boj-keeps-interest-rates-steady-decides-to-start-selling-etfs/articleshow/123989415.cms
"IT, banks or infra? Top sectors to watch after US Fed rate cut","Indian markets have recently reached new highs, fueled by GST rationalization and easing tariff concerns. However, sustaining this rally hinges on the return of consistent FPI buying. While DIIs have provided support, trade negotiations and earnings growth wi…","With Nifty scaling fresh highs and global markets awaiting the US Feds move, is Indias rally sustainable? In this conversation, Kranthi Bathini, Equity Strategist at WealthMills Securities, shares hi… [+4385 chars]",2025-09-19T03:30:00Z,https://economictimes.indiatimes.com/markets/expert-view/it-banks-or-infra-top-sectors-to-watch-after-us-fed-rate-cut/articleshow/123978467.cms
"Avg housing prices in New Gurugram at nearly Rs 14K/sq ft, cheaper than main city: Magicbricks","New Gurugram is becoming an affordable premium real estate hub with an average property rate of Rs 13,900 per square foot and a ticket size of Rs 2.6 crore, according to Magicbricks. Premium properties exceeding 2,500 sq ft are priced lower in New Gurugram at…","(What's moving Sensex and Nifty Track latest market news, stock tips, Budget 2025, Share Market on Budget 2025 and expert advice, on ETMarkets. Also, ETMarkets.com is now on Telegram. For fastest new… [+330 chars]",2025-09-19T02:22:43Z,https://economictimes.indiatimes.com/markets/digital-real-estate/realty-news/avg-housing-prices-in-new-gurugram-at-nearly-rs-14k/sq-ft-cheaper-than-main-city-magicbricks/articleshow/123988122.cms
US corporate bond dealmaking jumps day after Fed rate cut,"Following the Federal Reserve's quarter-point rate cut, U.S. corporate bond deal-making surged, with over $15 billion in investment-grade bonds issued on Thursday. AT&T spearheaded the activity with a $5 billion offering for debt and acquisitions. UBS Group a…","(What's moving Sensex and Nifty Track latest market news, stock tips, Budget 2025, Share Market on Budget 2025 and expert advice, on ETMarkets. Also, ETMarkets.com is now on Telegram. For fastest new… [+330 chars]",2025-09-19T02:20:26Z,https://economictimes.indiatimes.com/markets/bonds/us-corporate-bond-dealmaking-jumps-day-after-fed-rate-cut/articleshow/123988107.cms
Japan's 10-year bond yield rises ahead of BOJ decision,"Japan's 10-year government bond yield experienced a slight increase in early trading on Friday, reaching 1.605%. Investors are keenly awaiting signals from the Bank of Japan regarding the timing of the next potential interest rate hike. The BOJ is expected to…","(What's moving Sensex and Nifty Track latest market news, stock tips, Budget 2025, Share Market on Budget 2025 and expert advice, on ETMarkets. Also, ETMarkets.com is now on Telegram. For fastest new… [+330 chars]",2025-09-19T02:18:03Z,https://economictimes.indiatimes.com/markets/bonds/japans-10-year-bond-yield-rises-ahead-of-boj-decision/articleshow/123988077.cms
Q-comm’s festive hustle gets faster; GST cuts taxing for EVs,Quick commerce companies are preparing for the festive season by adding dark stores. This and more in today's ETtech Morning Dispatch.,Quick commerce companies are preparing for the festive season by adding dark stores. This and more in today's ETtech Morning Dispatch.Also in the letter:India AI Mission 2.0ETtech Done DealsInfy's wo… [+5868 chars],2025-09-19T01:42:03Z,https://economictimes.indiatimes.com/tech/newsletters/morning-dispatch/q-comms-festive-hustle-gets-faster-gst-cuts-taxing-for-evs/articleshow/123987723.cms
"Day Trading Guide for September 19, 2025: Intraday supports, resistances for Nifty50 stocks","The Day Trading Guide provides key intraday support and resistance levels to watch for on Nifty Futures and widely traded stocks such as Reliance Industries, Infosys, HDFC Bank, TCS, and SBI","Day Trading Guide gives you the key intraday supports and resistances to watch out for on the Nifty Futures and other widely traded stocks such as Reliance Industries, Infosys, HDFC Bank, TCS, SBI. B… [+2390 chars]",2025-09-19T00:45:00Z,https://www.thehindubusinessline.com/portfolio/day-trading-guide/day-trading-guide-for-september-19/article70065805.ece
Will Saatvik Green Energy IPO spark long-term value for investors?,"Saatvik Green Energy, a solar module manufacturer, is planning an IPO. The company aims to raise ₹700 crore through fresh equity. It will use the funds to expand capacity and repay debt. An additional ₹200 crore will be raised through an offer for sale. The I…","(What's moving Sensex and Nifty Track latest market news, stock tips, Budget 2025, Share Market on Budget 2025 and expert advice, on ETMarkets. Also, ETMarkets.com is now on Telegram. For fastest new… [+330 chars]",2025-09-19T00:42:04Z,https://economictimes.indiatimes.com/markets/stocks/news/will-saatvik-green-energy-ipo-spark-long-term-value-for-investors/articleshow/123987460.cms
Pre-market action: Here's the trade setup for today's session,"Nifty gained for the third consecutive session following the US Fed rate cut and indications of further reductions. Analysts anticipate a continued upward trend, influenced by tariff-related developments. The India VIX fell, while the rupee depreciated agains…","(What's moving Sensex and Nifty Track latest market news, stock tips, Budget 2025, Share Market on Budget 2025 and expert advice, on ETMarkets. Also, ETMarkets.com is now on Telegram. For fastest new… [+330 chars]",2025-09-19T00:41:00Z,https://economictimes.indiatimes.com/markets/stocks/news/pre-market-action-heres-the-trade-setup-for-todays-session/articleshow/123980806.cms
"Motilal Oswal settles case with Sebi, pays Rs 34.85 lakh as settlement charges","Sebi has settled proceedings with Motilal Oswal Financial Services regarding a case of suspected front-running by the Chaturvedi Group, linked to a large client's trades. The brokerage paid ₹34.85 lakh as settlement charges. The regulator alleged the firm fai…","(What's moving Sensex and Nifty Track latest market news, stock tips, Budget 2025, Share Market on Budget 2025 and expert advice, on ETMarkets. Also, ETMarkets.com is now on Telegram. For fastest new… [+330 chars]",2025-09-19T00:26:51Z,https://economictimes.indiatimes.com/markets/stocks/news/motilal-oswal-settles-case-with-sebi-pays-rs-34-85-lakh-as-settlement-charges/articleshow/123987376.cms
RBI Governor advocates fiscal discipline and borrowing calendar for state bonds,Reserve Bank of India Governor Sanjay Malhotra addressed state finance secretaries. He highlighted the importance of sticking to the borrowing calendar for state bonds. Malhotra emphasized fiscal discipline to boost economic growth. States need to improve spe…,"(What's moving Sensex and Nifty Track latest market news, stock tips, Budget 2025, Share Market on Budget 2025 and expert advice, on ETMarkets. Also, ETMarkets.com is now on Telegram. For fastest new… [+330 chars]",2025-09-19T00:23:26Z,https://economictimes.indiatimes.com/markets/bonds/rbi-governor-advocates-fiscal-discipline-and-borrowing-calendar-for-state-bonds/articleshow/123987363.cms
These Stocks to Buy Will Benefit From a Fed Rate Cut... Including This 1 Surprise Tech Stock Yielding 3%,"As expected, the Fed has lowered rates by 25 basis points at its September meeting. Here are the stocks to buy after the rate cut.","As widely expected, the Federal Reserve lowered rates by 25 basis points yesterday, Sept. 17. It was the first rate cut by the U.S. central bank in 2025, and the so-called dot plot calls for another … [+4773 chars]",2025-09-18T18:44:05Z,https://www.barchart.com/story/news/34899911/these-stocks-benefit-from-a-fed-rate-cut-including-1-surprise-buy-yielding-nearly-3
"Infosys offers Rs 50,000 for referrals of women returning to work",Bengaluru: Infosys is offering rewards to employees for referring women professionals on a career break who wish to rejoin the workforce with the comp.,From Karan Johar to Salman Khan: Cameo appearances of Bollywood bigwigs in 'The Ba***ds of Bollywood',2025-09-18T18:36:55Z,https://timesofindia.indiatimes.com/city/bengaluru/infosys-offers-rs-50000-for-referrals-of-women-returning-to-work/articleshow/123983565.cms
"Legal matters cost India Inc over ₹62,146 crore in FY25","India Inc's legal costs escalated by 11% to ₹62,146 crore in the last fiscal year, driven by increased overseas deal activity, dispute resolution, and compliance requirements. Reliance Industries, Sun Pharmaceutical, Coforge, Infosys, and L&T were the top spe…","Mumbai: India Inc's legal costs surged 11% to 62,146 crore ($7.27 billion) in the last fiscal year with Reliance Industries, Sun Pharmaceutical Industries, Coforge, Infosys, and Larsen &amp; Toubro (… [+2830 chars]",2025-09-18T18:13:23Z,https://economictimes.indiatimes.com/news/company/corporate-trends/legal-matters-cost-india-inc-over-62146-crore-in-fy25/articleshow/123983077.cms
"ET Market Watch: Nifty above 25,400, Sensex at 83,000; IT & pharma stocks surge after Fed rate cut","Indian equities extended their winning streak for a third straight session on Wednesday, tracking positive global cues after the U.S. Federal Reserve trimmed rates by 0.25% to support its labour market.","Hi, you’re listening to ET Markets Radio, I’m your host Neha Vashishth. Welcome to a fresh episode of ET Market Watch — where we bring you the latest from the world of stocks, sectors, and global cue… [+1443 chars]",2025-09-18T16:33:06Z,https://economictimes.indiatimes.com/markets/stocks/etmarkets-podcast/et-market-watch-nifty-above-25400-sensex-at-83000-it-pharma-stocks-surge-after-fed-rate-cut/podcast/123980980.cms
Ahead of Market: 10 things that will decide stock market action on Friday,"Indian markets ended higher Thursday as Sensex rose 320 points and Nifty 93, marking a third straight gain. Fed’s 25 bps rate cut, GST reforms, and trade progress boosted investor sentiment.","The Indian market ended higher on Thursday, with the Sensex and Nifty extending gains for a third straight session after the U.S. Federal Reserve trimmed interest rates by 0.25% to support its labour… [+4376 chars]",2025-09-18T15:24:36Z,https://economictimes.indiatimes.com/markets/stocks/news/ahead-of-market-10-things-that-will-decide-stock-market-action-on-friday/articleshow/123979889.cms
"Credit growth surpasses deposits in early September, retail loans to drive FY26 expansion","Credit growth in the banking sector surpassed deposit growth in early September, although it lagged behind the previous year's expansion. This slowdown is attributed to factors like muted private sector capital expenditure and reduced lending to corporates. L…","(What's moving Sensex and Nifty Track latest market news, stock tips, Budget 2025, Share Market on Budget 2025 and expert advice, on ETMarkets. Also, ETMarkets.com is now on Telegram. For fastest new… [+330 chars]",2025-09-18T15:05:34Z,https://economictimes.indiatimes.com/industry/banking/finance/credit-growth-surpasses-deposits-in-early-september-retail-loans-to-drive-fy26-expansion/articleshow/123987455.cms
"Fed rate cut drives markets higher, Sensex closes above 83,000","Indian stock market closes positively with Sensex up 320.25 points and Nifty gaining 93.35 points, driven by Fed rate cut.","Benchmark indices extended their winning streak for the third consecutive session on Thursday, with the Sensex closing 320.25 points or 0.39 per cent higher at 83,013.96 and the Nifty 50 gaining 93.3… [+4499 chars]",2025-09-18T14:11:52Z,https://www.thehindubusinessline.com/markets/fed-rate-cut-drives-markets-higher-sensex-closes-above-83000/article70066114.ece
"Fed rate cut drives markets higher, Sensex closes above 83,000","Indian stock market closes positively with Sensex up 320.25 points and Nifty gaining 93.35 points, driven by Fed rate cut.","Benchmark indices extended their winning streak for the third consecutive session on Thursday, with the Sensex closing 320.25 points or 0.39 per cent higher at 83,013.96 and the Nifty 50 gaining 93.3… [+4499 chars]",2025-09-18T14:11:52Z,https://www.thehindubusinessline.com/markets/stock-markets/fed-rate-cut-drives-markets-higher-sensex-closes-above-83000/article70066114.ece
"Top gainers & losers today, 18 September: Eternal, Sun Pharma lead gains; Tata Motors, Trent decline","Markets rise as Sensex, Nifty gain on Fed rate cut; top gainers include Eternal, Sun Pharma, Infosys, HDFC Bank, HCLTech.","Share prices of Eternal Ltd, Sun Pharmaceutical Industries Ltd, Infosys Ltd, HDFC Bank Ltd and HCL Technologies Ltd emerged as the top gainers on Thursday.
Among the laggards were Tata Motors Ltd, T… [+1011 chars]",2025-09-18T14:07:58Z,https://www.thehindubusinessline.com/markets/stock-markets/nse-bse-stock-market-top-gainers-top-losers-today-eternal-sunpharma-infy-hdfcbank-hcltech-18-september-2025/article70066151.ece
Intel shares skyrocket 25% after Nvidia investment deal,"Shares in chipmaker Intel skyrocketed on Thursday after AI giant Nvidia announced it will invest $5 billion in its rival. Intel's stock price was up by more than 25 percent, to $31.25 a share on Wall Street, hours after Nvidia said it would come to the aid of…","(What's moving Sensex and Nifty Track latest market news, stock tips, Budget 2025, Share Market on Budget 2025 and expert advice, on ETMarkets. Also, ETMarkets.com is now on Telegram. For fastest new… [+330 chars]",2025-09-18T13:46:38Z,https://economictimes.indiatimes.com/markets/stocks/news/intel-shares-skyrocket-25-after-nvidia-investment-deal/articleshow/123978232.cms
"Eternal's m-cap surges to Rs 3.26 lakh crore, ranks ahead of Hindustan Aeronautics, Titan","The market valuation of Eternal Ltd, which owns the Zomato and Blinkit brands, surged to Rs 3.26 lakh crore on Thursday following a rally in its stock price, with the company racing ahead of firms like Hindustan Aeronautics, Titan, Avenue Supermarts and Adani…","(What's moving Sensex and Nifty Track latest market news, stock tips, Budget 2025, Share Market on Budget 2025 and expert advice, on ETMarkets. Also, ETMarkets.com is now on Telegram. For fastest new… [+330 chars]",2025-09-18T13:09:12Z,https://economictimes.indiatimes.com/markets/stocks/news/eternals-m-cap-surges-to-rs-3-26-lakh-crore-ranks-ahead-of-hindustan-aeronautics-titan/articleshow/123977665.cms
‘Silicon Beach’ vision gathers momentum as tech ecosystem grows in coastal Karnataka,"Coastal Karnataka is gradually emerging as a technology hub, thanks to the Karnataka government’s initiatives such as ‘Beyond Bengaluru’, entrepreneurial grit, emerging IT infrastructure and a vast tech talent pool from the region.","Coastal Karnataka is gradually emerging as a technology hub, thanks to the Karnataka governments initiatives such as Beyond Bengaluru, entrepreneurial grit, emerging IT infrastructure and a vast tech… [+4109 chars]",2025-09-18T12:59:48Z,https://www.thehindubusinessline.com/news/silicon-beach-vision-gathers-momentum-as-tech-ecosystem-grows-in-coastal-karnataka/article70065676.ece
Hindenburg case final order: Sebi finds no merit in allegations against Adani group,"Capital markets regulator Sebi found that allegations against Adani Group could not be established in the Hindenburg case. Hence, there is no question of devolvement of any liability on the group and also there is no penalty, the regulator said in an order.","(What's moving Sensex and Nifty Track latest market news, stock tips, Budget 2025, Share Market on Budget 2025 and expert advice, on ETMarkets. Also, ETMarkets.com is now on Telegram. For fastest new… [+330 chars]",2025-09-18T12:28:15Z,https://economictimes.indiatimes.com/markets/stocks/news/hindenburg-case-final-order-sebi-finds-no-merit-in-allegations-against-adani-group/articleshow/123976658.cms
Bank of England holds main UK interest rate at 4% with inflation above target,The Bank of England maintains interest rates at 4%. Inflation in the UK remains almost double the target. Figures show inflation held steady at 3.8% in August. The bank has been gradually cutting rates since August 2024. Another rate cut is possible in Novemb…,"(What's moving Sensex and Nifty Track latest market news, stock tips, Budget 2025, Share Market on Budget 2025 and expert advice, on ETMarkets. Also, ETMarkets.com is now on Telegram. For fastest new… [+330 chars]",2025-09-18T11:08:17Z,https://economictimes.indiatimes.com/markets/stocks/news/bank-of-england-holds-main-uk-interest-rate-at-4-with-inflation-above-target/articleshow/123974308.cms
Stock markets end higher after US Fed rate cut; settle higher for third day running,"Sensex firms, Eternal, Sun Pharma, Infosys, HDFC Bank, HCL Tech, Hindustan Unilever, Power Grid, ITC and Adani Ports were the major gainers on Thursday","Stock markets closed higher for the third consecutive day on Thursday, with the benchmark Sensex gaining 320 points to end above the 83,000 level after the US Federal Reserve cut its key interest rat… [+1451 chars]",2025-09-18T10:54:05Z,https://www.thehindubusinessline.com/markets/stock-markets-end-higher-after-us-fed-rate-cut-settle-higher-for-third-day-running/article70065294.ece
"Market Wrap: Sensex climbs 320 points, Nifty tops 25,400 as Fed rate cut lifts sentiment","Indian equities closed higher on Wednesday, with the Sensex and Nifty extending gains for a third straight session after the U.S. Federal Reserve trimmed interest rates by 0.25% to support its labour market.","Indian equities closed higher on Wednesday, with the Sensex and Nifty extending gains for a third straight session after the U.S. Federal Reserve trimmed interest rates by 0.25% to support its labour… [+1008 chars]",2025-09-18T10:26:59Z,https://economictimes.indiatimes.com/markets/stocks/news/market-wrap-sensex-climbs-320-points-nifty-tops-25400-as-fed-rate-cut-lifts-sentiment/articleshow/123972834.cms
"Digital Process Automation Market Size to Hit USD 36.01 Billion by 2032, at 12.55% CAGR | Research by SNS Insider","The U.S. Digital Process Automation market size was valued at USD 4.12 billion in 2024 and is expected to reach USD 10.27 billion by 2032, growing at a CAGR of 12.14% over the forecast period of 2025-2032. The U.S. Digital Process Automation market size was v…","Austin, Sept. 18, 2025 (GLOBE NEWSWIRE) -- Digital Process Automation Market Size &amp; Growth Insights:
According to the SNS Insider,The Digital Process Automation Market
 () size was worth USD 14… [+7359 chars]",2025-09-18T08:26:00Z,https://www.globenewswire.com/news-release/2025/09/18/3152193/0/en/Digital-Process-Automation-Market-Size-to-Hit-USD-36-01-Billion-by-2032-at-12-55-CAGR-Research-by-SNS-Insider.html
"Dev Accelerator shares hit 5% lower circuit, back at IPO price. What should you do?","The stock trades at a rich 310x P/E, making it one of India’s costliest. Analysts advise caution, citing modest profit margins and high debt, recommending investors track performance post-listing before taking fresh positions. Revenue has grown from Rs 69.9 c…","(What's moving Sensex and Nifty Track latest market news, stock tips, Budget 2025, Share Market on Budget 2025 and expert advice, on ETMarkets. Also, ETMarkets.com is now on Telegram. For fastest new… [+330 chars]",2025-09-18T07:54:22Z,https://economictimes.indiatimes.com/markets/stocks/news/dev-accelerator-shares-hit-5-lower-circuit-back-at-ipo-price-what-should-you-do/articleshow/123968910.cms
"Sensex, Nifty trade near day’s low after strong start, US Fed rate cut lifts IT stocks - Infosys, Wipro lead gainers","IT majors Infosys, Wipro gain, while Coal India, ONGC, Trent among top laggards","The domestic markets traded with marginal gains after a strong opening, boosted by the US Fed rate cut by 25 bps, which stirred optimism among investors amid India-US trade talks. 
Market analysts n… [+2416 chars]",2025-09-18T07:53:12Z,https://www.thehindubusinessline.com/markets/stock-markets/sensex-nifty-trade-near-days-low-after-strong-start-us-fed-rate-cut-lifts-it-stocks-infosys-wipro-lead-gainers/article70064766.ece
Stainless-steel manufacturer Mangalam Worldwide migrates to NSE mainboard,"Mangalam Worldwide Ltd, a stainless-steel manufacturer, has moved to the mainboard of the National Stock Exchange. The transition involves nearly three crore equity shares. Chandragupt Prakash Mangal, Managing Director, sees this as a sign of market confidenc…","(What's moving Sensex and Nifty Track latest market news, stock tips, Budget 2025, Share Market on Budget 2025 and expert advice, on ETMarkets. Also, ETMarkets.com is now on Telegram. For fastest new… [+330 chars]",2025-09-18T07:41:22Z,https://economictimes.indiatimes.com/markets/stocks/news/stainless-steel-manufacturer-mangalam-worldwide-migrates-to-nse-mainboard/articleshow/123968523.cms
Fed rate cut spurs mid-day rally in markets as FII inflows expected,"Markets rise on Fed rate cut, Sensex at 82,885.17, Nifty 50 at 25,392.10; HDFC Life top gainer.","Markets sustained their positive momentum at mid-day on Thursday, with the Sensex trading at 82,885.17, up 191.46 points or 0.23 per cent from its previous close of 82,693.71. The Nifty 50 gained 61.… [+2135 chars]",2025-09-18T07:23:43Z,https://www.thehindubusinessline.com/markets/fed-rate-cut-spurs-mid-day-rally-in-markets-as-fii-inflows-expected/article70064678.ece
"Infosys resumes hiring women on a career break, offers rewards to employees for successful referrals",Infosys has launched Restart With Infosys — a hiring program for women professionals to resume their careers after a break. Candidates need two years of experience and a six-month break. The program offers mentorship and skill development. Referrals get rewar…,"Software services major Infosys has rolled out the latest edition of its women-specific hiring program, called Restart With Infosys. The initiative targets women professionals on a break who are keen… [+3034 chars]",2025-09-18T06:45:36Z,https://economictimes.indiatimes.com/tech/information-tech/infosys-resumes-hiring-women-on-a-career-break-offers-rewards-to-employees-for-successful-referrals/articleshow/123966757.cms
IT stocks rally on Fed rate cut optimism as Tech Mahindra leads gains,"The Nifty IT index surged 0.92 per cent to 36,780.85 points in morning trade, with all constituent stocks advancing as investors responded positively to the Federal Reserve’s 25 basis point interest rate cut announced overnight.","The Nifty IT index surged 0.92 per cent to 36,780.85 points in morning trade, with all constituent stocks advancing as investors responded positively to the Federal Reserves 25 basis point interest r… [+1243 chars]",2025-09-18T05:47:41Z,https://www.thehindubusinessline.com/markets/stock-markets/it-stocks-rally-on-fed-rate-cut-optimism-as-tech-mahindra-leads-gains/article70064442.ece
"Infosys, LTIMindtree shares rally up to 3% on hopes of 2 more rate cuts by US Fed in 2025","Infosys, LTIMindtree, and other Indian IT stocks rose up to 3%, driven by expectations of two additional US Fed rate cuts in 2025. On Wednesday, the Federal Reserve cut its benchmark policy rate by 25 basis points to 4%-4.25%, starting a monetary easing cycle…","Shares of information technology stocks such as Infosys, LTIMintree, TCS, Wipro, HCL Tech, Tech Mahindra and others rallied up to 3% in morning deals on Thursday, September 18, as markets anticipate … [+3090 chars]",2025-09-18T05:33:43Z,https://economictimes.indiatimes.com/markets/stocks/news/infosys-ltimindtree-shares-rally-up-to-3-on-hopes-of-2-more-rate-cuts-by-us-fed-in-2025/articleshow/123965145.cms
"Nifty Prediction Today – September 18, 2025: Nifty futures: Uptrend steady, buy on dips","Nifty 50 opens with a gap-up, hovers around 25,400, showing bullish bias, potential to touch 25,600 today.","Nifty 50 opened todays session with a gap-up at 25,441 versus yesterdays close of 25,330. But it slipped a little after opening and is currently hovering around 25,400, up 0.3 per cent so far today.… [+1487 chars]",2025-09-18T05:06:44Z,https://www.thehindubusinessline.com/portfolio/technical-analysis/nifty-prediction-today-september-18-2025-nifty-futures-uptrend-steady-buy-on-dips/article70064298.ece
Nifty gains 0.36 per cent as Fed rate cut boosts market sentiment,"Information technology stocks lead the gains, with Infosys emerging as the top performer, rising 1.98 per cent to ₹1,552.50. Wipro follows closely with a 1.89 per cent gain to ₹258.95","Benchmark indices opened on a positive note on Thursday, tracking global cues after the US Federal Reserve delivered a widely anticipated 25-basis-point rate cut. The Sensex rose 328.57 points, or 0.… [+4299 chars]",2025-09-18T04:49:12Z,https://www.thehindubusinessline.com/markets/nifty-gains-036-per-cent-as-fed-rate-cut-boosts-market-sentiment/article70064234.ece
Fed rate cut may boost mood as fund managers warm up to Indian equities,"More fund managers in Asia are saying they are overweight on the Indian market than underweight, according to the latest survey by Bank of America Corp","The Federal Reserves overnight rate cut is set to put some oomph in local stocks this morning, with some traders already betting that the RBI might follow suit at its meeting next month. Fresh off it… [+2611 chars]",2025-09-18T04:26:47Z,https://www.bloomberg.com/news/articles/2025-09-18/india-market-buzz-equities-gain-ground-as-shadow-banks-struggle
"Sensex jumps over 300 pts, Nifty50 tops 25,400 on Fed rate cut boost","Indian stocks experienced gains on Thursday, marking a third consecutive session of advances for the Sensex and Nifty. This upward trend followed the U.S. Federal Reserve's decision to cut rates by 0.25% to bolster the labor market. Positive investor sentimen…","Indian stocks edged higher on Thursday, with the Sensex and Nifty advancing for a third consecutive session, after the U.S. Federal Reserve cut rates by 0.25% in an effort to shore up its labour mark… [+2485 chars]",2025-09-18T03:53:49Z,https://economictimes.indiatimes.com/markets/stocks/news/sensex-jumps-over-300-pts-nifty-top-25400-on-fed-rate-cut-boost/articleshow/123962681.cms
"Stock Market Highlights 18 Sept 2025: Sensex, Nifty close higher for third day running after Fed’s 25-bps rate cut","Sensex, Nifty, Share Prices : Stock markets closed higher for the third consecutive day on Thursday, with the benchmark Sensex gaining 320 points to end above the 83,000 level after the US Federal Reserve cut its key interest rate by 25 basis points, and sign…","<li></li>
September 18, 2025 16:24Stock markets live updates today: Stock markets end higher after US Fed rate cut; settle higher for third day running
Stock markets closed higher for the third con… [+63548 chars]",2025-09-18T01:23:36Z,https://www.thehindubusinessline.com/markets/share-market-nifty-sensex-highlights-18th-september-2025/article70060819.ece
US stock futures rise on first Fed rate cut this year,"US equity-index futures are up as investors digest the Federal Reserve's interest rate cut, despite lingering uncertainty about future policy. While the Fed delivered the expected cut, officials emphasized a meeting-by-meeting approach. The market anticipates…","(What's moving Sensex and Nifty Track latest market news, stock tips, Budget 2025, Share Market on Budget 2025 and expert advice, on ETMarkets. Also, ETMarkets.com is now on Telegram. For fastest new… [+330 chars]",2025-09-18T01:06:43Z,https://economictimes.indiatimes.com/markets/stocks/news/us-stock-futures-rise-on-first-fed-rate-cut-this-year/articleshow/123959996.cms
Will iValue Infosolutions’ IPO unlock value for investors?,"iValue Infosolutions, an enterprise technology services provider, is set to raise up to ₹560 crore through an offer for sale, reducing the promoter group's stake to 32.7%. The company's revenue dipped in FY24 but recovered in FY25, with net profit increasing.…","(What's moving Sensex and Nifty Track latest market news, stock tips, Budget 2025, Share Market on Budget 2025 and expert advice, on ETMarkets. Also, ETMarkets.com is now on Telegram. For fastest new… [+330 chars]",2025-09-18T00:48:30Z,https://economictimes.indiatimes.com/markets/ipos/fpos/will-ivalue-infosolutions-ipo-unlock-value-for-investors/articleshow/123959836.cms
Why is NaBFID choosing bank loans over bond market this year?,"NaBFID is prioritizing bank loans over bond markets this year due to lower interest rates and significant borrower prepayments exceeding ₹10,000 crore. Banks are offering rates below 7%, making them more attractive than bond issuances. This shift in strategy …","(What's moving Sensex and Nifty Track latest market news, stock tips, Budget 2025, Share Market on Budget 2025 and expert advice, on ETMarkets. Also, ETMarkets.com is now on Telegram. For fastest new… [+330 chars]",2025-09-18T00:43:15Z,https://economictimes.indiatimes.com/markets/bonds/why-is-nabfid-choosing-bank-loans-over-bond-market-this-year/articleshow/123959776.cms
Pre-market action: Here's the trade setup for today's session,"Indian equities closed higher on Wednesday, fueled by optimism surrounding India-US trade negotiations and anticipation of a US Federal Reserve rate cut. The market is expected to continue its upward trend, supported by progress in trade talks, potential glob…","(What's moving Sensex and Nifty Track latest market news, stock tips, Budget 2025, Share Market on Budget 2025 and expert advice, on ETMarkets. Also, ETMarkets.com is now on Telegram. For fastest new… [+330 chars]",2025-09-18T00:41:00Z,https://economictimes.indiatimes.com/markets/stocks/news/pre-market-action-heres-the-trade-setup-for-todays-session/articleshow/123951442.cms
QuantLase's ex-CEO settles insider trading case with Sebi,"Ajay Bhatia, ex-CEO of QuantLase Lab LLC, settled an insider trading case with Sebi by paying ₹1 crore. The settlement includes a six-month market debarment and returning ₹55.3 lakhs with interest. The case involved Adani Green Energy's share issuance to IHC,…","(What's moving Sensex and Nifty Track latest market news, stock tips, Budget 2025, Share Market on Budget 2025 and expert advice, on ETMarkets. Also, ETMarkets.com is now on Telegram. For fastest new… [+330 chars]",2025-09-18T00:37:29Z,https://economictimes.indiatimes.com/markets/stocks/news/quantlases-ex-ceo-settles-insider-trading-case-with-sebi/articleshow/123959728.cms
IT majors edge to 5% revenue contribution from GCCs,"Largest beneficiaries are Tata Consultancy Services (TCS), Infosys, HCLTech, Tech Mahindra, Wipro, UnearthInsight suggests. To be sure, presently, the IT outsourcing companies, currently struggling with business growth, does not explicitly disclose revenue ge…","Global capability centres (GCCs) in India have started to inch toward the 5% mark in terms of revenue contribution for the top IT service majors, despite being in competition with them for systems bu… [+3924 chars]",2025-09-18T00:30:00Z,https://economictimes.indiatimes.com/tech/information-tech/it-majors-edge-to-5-revenue-contribution-from-gccs/articleshow/123952526.cms
"Urban Company makes a strong debut on Dalal Street, shares surge 58%","Urban Company's stock market debut was a resounding success, listing at ₹162.3, a 58% premium over its IPO price of ₹103. The stock closed at ₹169, reaching ₹179 intraday, valuing the company at ₹24,266.7 crore. Analysts attribute the high demand to the compa…","(What's moving Sensex and Nifty Track latest market news, stock tips, Budget 2025, Share Market on Budget 2025 and expert advice, on ETMarkets. Also, ETMarkets.com is now on Telegram. For fastest new… [+330 chars]",2025-09-18T00:28:12Z,https://economictimes.indiatimes.com/markets/stocks/news/urban-company-makes-a-strong-debut-on-dalal-street-shares-surge-58/articleshow/123959649.cms
A House of Cards: How a web of deceit undid unicorn Gameskraft,"Gameskraft Technologies faces serious allegations of financial misconduct, including claims of its former CFO siphoning over  ₹250 crore. The situation has drawn parallels to the Satyam scandal, highlighting governance failures and audit deficiencies as indep…","Mumbai and Bengaluru: The unraveling at Gameskraft Technologies is bringing up comparisons with the Satyam saga: concentrated power, falsified documents, and weak checks and balances. The Bengaluru-b… [+7094 chars]",2025-09-18T00:00:13Z,https://www.livemint.com/companies/gameskraft-fraud-case-ramesh-prabhu-scam-financial-audit-failure-real-money-gaming-ban-india-11758116339702.html
"No big push for a larger rate cut, says Jerome Powell, asserts Fed's commitment to independence","There was no widespread support for a larger, half-percentage-point interest rate cut at the Federal Reserve meeting this week, Fed Chair Jerome Powell said on Wednesday, after the central bank cut its policy rate by a quarter point.","(What's moving Sensex and Nifty Track latest market news, stock tips, Budget 2025, Share Market on Budget 2025 and expert advice, on ETMarkets. Also, ETMarkets.com is now on Telegram. For fastest new… [+330 chars]",2025-09-17T18:55:43Z,https://economictimes.indiatimes.com/markets/stocks/news/no-big-push-for-a-larger-rate-cut-says-jerome-powell-asserts-feds-commitment-to-independence/articleshow/123954072.cms
Gold price hits fresh record after US Fed rate cut,Gold soared to a record high on Wednesday after the U.S. Federal Reserve cut interest rates by a quarter of a percentage point at its policy meeting.,"(What's moving Sensex and Nifty Track latest market news, stock tips, Budget 2025, Share Market on Budget 2025 and expert advice, on ETMarkets. Also, ETMarkets.com is now on Telegram. For fastest new… [+330 chars]",2025-09-17T18:19:21Z,https://economictimes.indiatimes.com/markets/commodities/news/gold-price-hits-fresh-record-after-us-fed-rate-cut/articleshow/123953288.cms
Puma shares surge 10% after media report investors are preparing for takeover,"Shares in Puma jumped 10% on Wednesday, with traders pointing to a media report that two parties were preparing for a potential takeover of the German sportswear maker.","(What's moving Sensex and Nifty Track latest market news, stock tips, Budget 2025, Share Market on Budget 2025 and expert advice, on ETMarkets. Also, ETMarkets.com is now on Telegram. For fastest new… [+330 chars]",2025-09-17T15:08:58Z,https://economictimes.indiatimes.com/markets/stocks/news/puma-shares-surge-10-after-media-report-investors-are-preparing-for-takeover/articleshow/123949284.cms
"Trump’s tariffs may backfire, AI boom could bust: Christopher Wood on US, China, and India strategy","Investors focus on Vedanta’s demerger, DreamFolks’ setback, and GST-driven auto demand. L&T shows resilience, Reliance faces near-term limits, highlighting mixed short-term risks and long-term value opportunities across sectors.","(What's moving Sensex and Nifty Track latest market news, stock tips, Budget 2025, Share Market on Budget 2025 and expert advice, on ETMarkets. Also, ETMarkets.com is now on Telegram. For fastest new… [+330 chars]",2025-09-17T10:25:21Z,https://economictimes.indiatimes.com/markets/stocks/news/trumps-tariffs-may-backfire-ai-boom-could-bust-christopher-wood-on-us-china-and-india-strategy/articleshow/123942335.cms
Commodity Radar: Aluminium hits 6 6-month high on supply concerns. Buy on dips for short-term returns up to 4%,"Aluminium prices are hovering near a six-month high amid supply concerns, with LME stocks plunging and Chinese output capped by annual limits. Experts suggest buying on dips toward Rs 256-258 with targets of Rs 266-268, implying up to 4% short-term upside.","(What's moving Sensex and Nifty Track latest market news, stock tips, Budget 2025, Share Market on Budget 2025 and expert advice, on ETMarkets. Also, ETMarkets.com is now on Telegram. For fastest new… [+330 chars]",2025-09-17T10:10:33Z,https://economictimes.indiatimes.com/markets/commodities/news/commodity-radar-aluminium-hits-6-6-month-high-on-supply-concerns-buy-on-dips-for-short-term-returns-up-to-4/articleshow/123941919.cms
"If both gold and stocks are rallying, does it mean trouble for investors?","Both stocks and gold are rallying ahead of the Fed’s rate decision, signalling cautious optimism. Investors are hedging with gold despite record-high equities, reflecting concerns over global debt, currency volatility, and potential market turbulence in the c…","(What's moving Sensex and Nifty Track latest market news, stock tips, Budget 2025, Share Market on Budget 2025 and expert advice, on ETMarkets. Also, ETMarkets.com is now on Telegram. For fastest new… [+330 chars]",2025-09-17T09:06:10Z,https://economictimes.indiatimes.com/markets/stocks/news/if-both-gold-and-stocks-are-rallying-does-it-mean-trouble-for-investors/articleshow/123940383.cms
"Paytm, Eternal among 12 Nifty India Digital stocks that rose up to 80% in just 6 months","Over the past six months, the Nifty India Digital Index gained 18%, outpacing the Nifty 50’s 13%. Sixteen stocks in the index delivered double-digit returns, with 12 rising 20–80%, highlighting strong investor appetite for high-growth, tech-driven companies.L…","Over the past six months, the Nifty India Digital Index gained 18%, outpacing the Nifty 50’s 13%. Sixteen stocks in the index delivered double-digit returns, with 12 rising 20–80%, highlighting stron… [+524 chars]",2025-09-17T08:40:36Z,https://m.economictimes.com/markets/stocks/news/paytm-eternal-among-12-nifty-india-digital-stocks-that-rose-up-to-80-in-just-6-months/solid-returns/slideshow/123940196.cms
British real estate investor PRS REIT to sell unit for $881.2 million,PRS REIT will sell its property-owning unit to a Waypoint Asset Management-advised fund for about £646.2 million ($881.2 million).,"(What's moving Sensex and Nifty Track latest market news, stock tips, Budget 2025, Share Market on Budget 2025 and expert advice, on ETMarkets. Also, ETMarkets.com is now on Telegram. For fastest new… [+330 chars]",2025-09-17T07:27:13Z,https://economictimes.indiatimes.com/markets/digital-real-estate/realty-news/british-real-estate-investor-prs-reit-to-sell-unit-for-881-2-million/articleshow/123938492.cms
Dubai Investments plans to sell up to 25% of DIP real estate unit in IPO,"Dubai Investments is considering an initial public offering (IPO) for its real estate business, Dubai Investments Park (DIP). The company plans to sell up to a 25% stake in DIP through the IPO. Currently, Dubai Investments is in discussions with various banks…","(What's moving Sensex and Nifty Track latest market news, stock tips, Budget 2025, Share Market on Budget 2025 and expert advice, on ETMarkets. Also, ETMarkets.com is now on Telegram. For fastest new… [+330 chars]",2025-09-17T07:22:49Z,https://economictimes.indiatimes.com/markets/digital-real-estate/realty-news/dubai-investments-plans-to-sell-up-to-25-of-dip-real-estate-unit-in-ipo/articleshow/123938410.cms
Euro zone bond yields tread water as investors await Fed decision,"Euro zone government bond yields remained stable ahead of the anticipated U.S. Federal Reserve rate cut, with market attention focused on clues regarding the extent of future easing. Germany's 10-year bond yield saw a slight decrease. The market anticipates t…","(What's moving Sensex and Nifty Track latest market news, stock tips, Budget 2025, Share Market on Budget 2025 and expert advice, on ETMarkets. Also, ETMarkets.com is now on Telegram. For fastest new… [+330 chars]",2025-09-17T07:02:06Z,https://economictimes.indiatimes.com/markets/bonds/euro-zone-bond-yields-tread-water-as-investors-await-fed-decision/articleshow/123938042.cms
Hollow at the Base - by Manish Singh - India Dispatch,AI is gutting the entry-level jobs that powered India's technology services boom. The consequences will be felt far beyond its borders.,"The foundation of Indias $250 billion technology services industry is a simple bargain. A seemingly endless supply of engineering graduates, earning as little as $5,000 a year, could be trained to pe… [+6900 chars]",2025-09-17T05:47:01Z,https://indiadispatch.com/p/hollow-at-the-base
Eureka Forbes shares up 2% as Nuvama Institutional Equities initiates coverage with Buy rating,"Eureka Forbes shares experienced a surge following Nuvama Institutional Equities initiating coverage with a 'Buy' rating, projecting a 20% upside. The brokerage highlights the company's dominant market share in water purifiers and vacuum cleaners, alongside a…","(What's moving Sensex and Nifty Track latest market news, stock tips, Budget 2025, Share Market on Budget 2025 and expert advice, on ETMarkets. Also, ETMarkets.com is now on Telegram. For fastest new… [+330 chars]",2025-09-17T05:06:35Z,https://economictimes.indiatimes.com/markets/stocks/news/eureka-forbes-shares-up-2-as-nuvama-institutional-equities-initiates-coverage-with-buy-rating/articleshow/123935826.cms
Stock markets rally in early trade amid US trade talk optimism,"From the Sensex firms, Bharat Electronics, UltraTech Cement, Trent, Larsen & Toubro, Tata Consultancy Services, HCL Tech, Infosys and Tech Mahindra were among the major gainers",Benchmark equity indices Sensex and Nifty rallied in initial trade on Wednesday following positive day-long discussions with the visiting US team on a bilateral trade deal with both sides agreeing to… [+2296 chars],2025-09-17T04:50:57Z,https://www.thehindubusinessline.com/markets/stock-markets-rally-in-early-trade-amid-us-trade-talk-optimism/article70059740.ece
Urban Co. trading debut may lift sentiment in market,The Nifty Bank index notched a 10th straight gain Tuesday — its longest streak in over eight years — despite the industry grappling with sluggish credit growth and persistent margin pressure,"<ul><li>
Urban Co.s debut</li><li>
Bank shares surge</li><li>
Record fund flows</li></ul>
 Local equities are gearing up for a bright start, lifted by positive signals from India-US trade talks. … [+2861 chars]",2025-09-17T04:44:33Z,https://www.bloomberg.com/news/articles/2025-09-17/india-market-buzz-urban-debut-bank-rally-lift-sentiment
"Japan 20-year JGB auction bid-to-cover 4.00, highest since May 2020",Japanese government bonds see strong investor interest. An auction of 20-year JGBs witnessed robust demand. The bid-to-cover ratio reached 4.00. This is the highest level since May 2020. The previous auction in August saw a ratio of 3.09. This indicates incre…,"(What's moving Sensex and Nifty Track latest market news, stock tips, Budget 2025, Share Market on Budget 2025 and expert advice, on ETMarkets. Also, ETMarkets.com is now on Telegram. For fastest new… [+330 chars]",2025-09-17T04:30:51Z,https://economictimes.indiatimes.com/markets/bonds/japan-20-year-jgb-auction-bid-to-cover-4-00-highest-since-may-2020/articleshow/123935221.cms
"Sensex climbs 150 pts, Nifty tops 25,300 on US trade talk progress, Fed rate cut hopes","Indian benchmark indices Sensex and Nifty began positively on Wednesday, fueled by financial and automotive sectors. This surge followed the government's optimistic remarks on trade discussions with the US and anticipation of a Federal Reserve interest rate c…","(What's moving Sensex and Nifty Track latest market news, stock tips, Budget 2025, Share Market on Budget 2025 and expert advice, on ETMarkets. Also, ETMarkets.com is now on Telegram. For fastest new… [+330 chars]",2025-09-17T04:01:55Z,https://economictimes.indiatimes.com/markets/stocks/news/sensex-climbs-150-pts-nifty-tops-25300-on-us-trade-talk-progress-fed-rate-cut-hopes/articleshow/123934615.cms
Blue Dart Express shares in focus after Rs 420 crore GST demand notice to subsidiary,"Blue Dart share price: Blue Dart Express’ subsidiary, Blue Dart Aviation, received a GST demand notice of around Rs 420 crore for alleged misclassification of taxes and ineligible Input Tax Credit for FY21-22 and FY22-23. The company has been asked to respond…","(What's moving Sensex and Nifty Track latest market news, stock tips, Budget 2025, Share Market on Budget 2025 and expert advice, on ETMarkets. Also, ETMarkets.com is now on Telegram. For fastest new… [+330 chars]",2025-09-17T03:46:04Z,https://economictimes.indiatimes.com/markets/stocks/news/blue-dart-express-shares-in-focus-after-rs-420-crore-gst-demand-notice-to-subsidiary/articleshow/123934548.cms
"Mahindra Lifespace eyes Rs 1,700 cr revenue from 2 redevelopment projects","Mahindra Lifespace Developers Ltd has secured two society redevelopment projects in Chembur, Mumbai, with a combined gross development potential of Rs 1,700 crore. These projects, spanning 2.6 acres and 1.8 acres respectively, mark a significant addition to t…","(What's moving Sensex and Nifty Track latest market news, stock tips, Budget 2025, Share Market on Budget 2025 and expert advice, on ETMarkets. Also, ETMarkets.com is now on Telegram. For fastest new… [+330 chars]",2025-09-17T02:13:44Z,https://economictimes.indiatimes.com/markets/digital-real-estate/realty-news/mahindra-lifespace-eyes-rs-1700-cr-revenue-from-2-redevelopment-projects/articleshow/123933399.cms
"BlackBuck's pothole problem: CEO Rajesh Yabaji exits Bellandur, ex-Infosys CFO Mohandas Pai slams govt neglect","BlackBuck, a Bengaluru-based digital trucking platform, is relocating its office from Bellandur due to the severe pothole situation on Outer Ring Road. CEO Rajesh Kumar Yabaji expressed frustration over the deteriorating road conditions and lack of improvemen…","In a city where traffic jams are as familiar as filter coffee, one company has decided it has had enough. BlackBuck, the Bengaluru-based digital trucking platform, is packing up from its Bellandur of… [+2728 chars]",2025-09-17T02:06:17Z,https://economictimes.indiatimes.com/news/india/blackbucks-pothole-problem-ceo-rajesh-yabaji-exits-bellandur-ex-infosys-cfo-mohandas-pai-slams-govt-neglect/articleshow/123933262.cms
China's Tencent raises $1.27 billion in dim sum bond deal,"Tencent Holdings has successfully secured 9 billion yuan ($1.27 billion) through a three-part offshore yuan bond offering. The deal included 5-year, 10-year, and 30-year bonds, with final pricing approximately 50 basis points tighter than initial investor gui…","(What's moving Sensex and Nifty Track latest market news, stock tips, Budget 2025, Share Market on Budget 2025 and expert advice, on ETMarkets. Also, ETMarkets.com is now on Telegram. For fastest new… [+330 chars]",2025-09-17T02:04:32Z,https://economictimes.indiatimes.com/markets/bonds/chinas-tencent-raises-1-27-billion-in-dim-sum-bond-deal/articleshow/123933351.cms
ETSA Startup of the Year winner Urban Company; Groww files IPO papers,Happy Wednesday! Urban Company CEO Abhiraj Singh Bhal details the company’s bumper listing on the bourses in an exclusive interaction. This and more in today’s ETtech Morning Dispatch.,Happy Wednesday! Public listing bound Urban Company's CEO Abhiraj Singh Bhal details the startups plans. This and more in todays ETtech Morning Dispatch.Also in the letter:VCs go independentIT contra… [+6702 chars],2025-09-17T01:46:35Z,https://economictimes.indiatimes.com/tech/newsletters/morning-dispatch/etsa-startup-of-the-year-winner-urban-company-groww-files-ipo-papers/articleshow/123933112.cms
US court sets February 2027 trial date in Infosys–Cognizant antitrust dispute,"The trial will be heard with a pretrial conference scheduled for January 25, 2027, according to an order issued on September 5 by the US District Court Northern District of Texas Dallas Division","A US federal court in Texas has fixed February 1, 2027, as the start date for a jury trial in the ongoing litigation involving US-based Cognizant Technology Solutions and Indian IT services giant Inf… [+1866 chars]",2025-09-17T01:30:00Z,https://www.thehindubusinessline.com/info-tech/us-court-sets-february-2027-trial-date-in-infosyscognizant-antitrust-dispute/article70056788.ece
"Stocks in news: Apollo Tyres, Akzo Nobel, Dr Reddy's, Mahindra Lifespace, Coal India","Indian markets saw gains, with Apollo Tyres becoming the Indian cricket team's jersey sponsor. JSW Paints will acquire a stake in Akzo Nobel India, while Dr. Reddy's launched a new molecule for gastrointestinal issues. Mahindra Lifespace is set to redevelop h…","(What's moving Sensex and Nifty Track latest market news, stock tips, Budget 2025, Share Market on Budget 2025 and expert advice, on ETMarkets. Also, ETMarkets.com is now on Telegram. For fastest new… [+330 chars]",2025-09-17T01:00:54Z,https://economictimes.indiatimes.com/markets/stocks/news/stocks-in-news-apollo-tyres-akzo-nobel-dr-reddys-mahindra-lifespace-coal-india/articleshow/123933003.cms
Pre-market action: Here's the trade setup for today's session,"Indian equity markets saw gains on Tuesday. Investors are optimistic before the US Federal Reserve decision. Analysts foresee a gradual market rise. Trade developments and the Fed rate cut are key. Immediate support is at 25,050. India VIX fell. FIIs were net…","(What's moving Sensex and Nifty Track latest market news, stock tips, Budget 2025, Share Market on Budget 2025 and expert advice, on ETMarkets. Also, ETMarkets.com is now on Telegram. For fastest new… [+330 chars]",2025-09-17T00:41:00Z,https://economictimes.indiatimes.com/markets/stocks/news/pre-market-action-heres-the-trade-setup-for-todays-session/articleshow/123926132.cms
ESAF SFB plans Rs 300-500 crore capital infusion,"ESAF Small Finance Bank is set to raise ₹300-500 crore in tier-1 capital, anticipating a business turnaround from the third quarter. The bank aims to bolster its capital adequacy ratio and fund expansion plans. A board meeting is scheduled for September 20 to…","(What's moving Sensex and Nifty Track latest market news, stock tips, Budget 2025, Share Market on Budget 2025 and expert advice, on ETMarkets. Also, ETMarkets.com is now on Telegram. For fastest new… [+330 chars]",2025-09-17T00:37:54Z,https://economictimes.indiatimes.com/markets/stocks/news/esaf-sfb-plans-rs-300-500-crore-capital-infusion/articleshow/123932894.cms
IT contracts worth $13 billion up for renewal in coming quarters,"About $13 billion worth of IT deals are set for renewal by December, with TCS, Infosys, HCLTech and Wipro competing for mega contracts. Over 600 engagements worth up to $2 billion are in play, as clients demand AI-led efficiencies amid cost pressures, keeping…","About $13 billion worth of IT deals are getting renewed in the six months to December-end, allowing homegrown companies Tata Consultancy Services Ltd (TCS), Infosys, HCLTech, Wipro to vie for a share… [+4255 chars]",2025-09-17T00:30:00Z,https://economictimes.indiatimes.com/tech/information-tech/it-contracts-worth-13-billion-up-for-renewal-in-coming-quarters/articleshow/123927856.cms
"TCS, Infosys, and Cognizant turned H1B program into organized labor trafficking",I'm saying this as an immigrant living here — these parasites are destroying American workers and trapping immigrant workers in wage slavery.They rig the lottery by filing up multiple sometimes even 80 applications for one fake candidate. They flood the syste…,I'm saying this as an immigrant living here — these parasites are destroying American workers and trapping immigrant workers in wage slavery.They rig the lottery by filing up multiple sometimes even … [+692 chars],2025-09-16T15:27:33Z,https://slashdot.org/submission/17340192/tcs-infosys-and-cognizant-turned-h1b-program-into-organized-labor-trafficking
Ahead of Market: 10 things that will decide stock market action on Wednesday,"Indian markets closed higher on Tuesday as Sensex jumped 595 points and Nifty crossed 25,239, led by auto gains, optimism over US trade talks, and Fed rate cut expectations. Analysts see bullish momentum with Nifty eyeing 25,500.","The Indian market ended higher on Tuesday, with the Sensex climbing more than 590 points and the Nifty 50 breaching the 25,230 level, as a number of factors, from gains in auto stocks to optimism ove… [+4484 chars]",2025-09-16T15:20:17Z,https://economictimes.indiatimes.com/markets/stocks/news/ahead-of-market-10-things-that-will-decide-stock-market-action-on-wednesday/articleshow/123925868.cms
"Gold surges through $3,700/oz to hit record high","Gold breached the mark of $3,700 an ounce for the first time on Tuesday, as mounting expectations of a rate cut by the U.S. Federal Reserve this week buoyed its appeal.","(What's moving Sensex and Nifty Track latest market news, stock tips, Budget 2025, Share Market on Budget 2025 and expert advice, on ETMarkets. Also, ETMarkets.com is now on Telegram. For fastest new… [+330 chars]",2025-09-16T14:22:41Z,https://economictimes.indiatimes.com/markets/commodities/gold-surges-through-3700/oz-to-hit-record-high/articleshow/123925153.cms
LIC raises stake in this IT stock despite a 10% drop this year,"LIC has raised its stake in Tech Mahindra to 10.84% despite a 10% YTD stock decline, signaling confidence in the IT major’s long-term growth potential amid weak global tech spending.","State-owned insurer and institutional investor Life Insurance Corp (LIC) has increased its holding in Tech Mahindra, even as the IT stock has declined 10% so far this year. The countrys largest insur… [+2020 chars]",2025-09-16T12:23:24Z,https://economictimes.indiatimes.com/markets/stocks/news/lic-raises-stake-in-this-it-stock-despite-a-10-drop-this-year/articleshow/123923118.cms
"US bank Truist plans GCC in Hyderabad, Infosys likely to bid","US-headquartered Truist Financial plans to set up a tech centre in Hyderabad, and has floated a tender for firms to set it up and initially manage it. Infosys, a Truist vendor, is likely to bid for the contract pegged at least $250 million. The centre aims to…","Truist Financial Corp., one of the USs largest banks, is looking to open a tech centre in Hyderabad, according to two people with knowledge of the matter. This will mark the entry of yet another larg… [+4656 chars]",2025-09-16T11:20:43Z,https://www.livemint.com/companies/truist-gcc-financial-services-it-tech-centre-hyderabad-employment-in-tech-sector-hiring-in-india-hcl-wipro-infosys-11758010661437.html
"GK Energy announces dates, price band for IPO opening later this week. Check details","Pune-based GK Energy has filed its red herring prospectus for an IPO opening on September 19, with subscriptions open until September 23. The offering includes a fresh issue of Rs 400 crore and an offer for sale of Rs 64 crore. The company, a solar EPC player…","(What's moving Sensex and Nifty Track latest market news, stock tips, Budget 2025, Share Market on Budget 2025 and expert advice, on ETMarkets. Also, ETMarkets.com is now on Telegram. For fastest new… [+330 chars]",2025-09-16T10:41:41Z,https://economictimes.indiatimes.com/markets/ipos/fpos/gk-energy-announces-dates-price-band-for-ipo-opening-later-this-week-check-details/articleshow/123920821.cms
Income Tax: 7.3 crore returns already filed; last year's figure surpassed — check details,"Income Tax: Around 70 lakh ITRs were filed on July 31 last year. If the same number of taxpayers file their return on the last day of this year, the total number of ITRs filed for AY 2025-26 would cross 8 crore.","The Income Tax (I-T) Department on Monday announced that over 7.3 crore returns have already been filed, surpassing last year's figure. Last year, a total of 7.28 crore returns were filed until the l… [+2395 chars]",2025-09-16T09:49:08Z,https://www.livemint.com/money/personal-finance/income-tax-7-3-crore-returns-already-filed-last-years-figure-surpassed-check-details-11758012000298.html
No quarterly results? A divisive idea makes a comeback,"A renewed push, spearheaded by Donald Trump, aims to shift US corporate reporting from quarterly to semi-annual cycles, reigniting debate over transparency. The SEC is prioritizing the change, citing reduced burdens and short-sightedness. While proponents arg…",A renewed push to scrap quarterly earnings reporting in favour of a six-month cycle has re-ignited a long-standing debate about the future of corporate transparency in the United States. Spearheaded … [+8782 chars],2025-09-16T09:19:50Z,https://economictimes.indiatimes.com/news/company/corporate-trends/no-quarterly-results-a-divisive-idea-makes-a-comeback/articleshow/123918436.cms
"Eternal surpasses 2 Tata Group firms in market cap, enters Nifty50’s top 25 club","Eternal (formerly Zomato) has overtaken Tata Motors and Titan in market capitalisation, reaching Rs 3.13 lakh crore. The surge positions it just behind Hindustan Aeronautics Ltd (HAL) at Rs 3.22 lakh crore, securing its entry into the top 25 Nifty50 stocks. T…","Eternal (formerly Zomato) has reached another milestone in its market journey, surpassing Tata Motors and Titan in market capitalisation. The companys market value now stands at Rs 3.13 lakh crore, a… [+2044 chars]",2025-09-16T08:27:39Z,https://economictimes.indiatimes.com/markets/stocks/news/eternal-surpasses-2-tata-group-firms-in-market-cap-enters-nifty50s-top-25-club/articleshow/123918033.cms
"Carbon Neutral Data Center Market Global Forecast 2025-2030 | Competitive Analysis of AWS, Apple, Cisco, Digital Realty, Equinix, Google, Microsoft, NEC, Salesforce, Schneider Electric, Vertiv","Key market opportunities include aligning digital infrastructure with sustainability goals, leveraging modular designs, and AI-driven optimizations. Companies can capitalize on sector-specific decarbonization, regional regulatory dynamics, and collaborative i…","Dublin, Sept. 16, 2025 (GLOBE NEWSWIRE) -- The ""Carbon Neutral Data Center Market - Global Forecast 2025-2030"" report has been added to ResearchAndMarkets.com's offering.
The Carbon Neutral Data Cen… [+6905 chars]",2025-09-16T08:03:00Z,https://www.globenewswire.com/news-release/2025/09/16/3150542/28124/en/Carbon-Neutral-Data-Center-Market-Global-Forecast-2025-2030-Competitive-Analysis-of-AWS-Apple-Cisco-Digital-Realty-Equinix-Google-Microsoft-NEC-Salesforce-Schneider-Electric-Vertiv.html
Euro zone bond yields steady ahead of expected Fed rate cut,"Euro zone bond yields were little changed on Tuesday, tracking muted moves in their U.S. counterparts, as investors prepared for the Federal Reserve to resume its easing cycle this week following a nine-month hiatus.","(What's moving Sensex and Nifty Track latest market news, stock tips, Budget 2025, Share Market on Budget 2025 and expert advice, on ETMarkets. Also, ETMarkets.com is now on Telegram. For fastest new… [+330 chars]",2025-09-16T07:39:44Z,https://economictimes.indiatimes.com/markets/bonds/euro-zone-bond-yields-steady-ahead-of-expected-fed-rate-cut/articleshow/123917129.cms
"Bitcoin hovers around $115K, reflects cautious optimism in crypto market","Bitcoin hovered around $115,540 on Tuesday, reflecting cautious optimism in the crypto market. Analysts note consolidation within a symmetrical triangle pattern, with strong support at $110K and resistance near $120K. Institutional interest and potential US F…","Bitcoin hovered around the $115,540 level on Tuesday, with analysts noting cautious optimism in the crypto market. Technically, BTC is trading within a symmetrical triangle patternBitcoin is currentl… [+2290 chars]",2025-09-16T06:46:41Z,https://economictimes.indiatimes.com/markets/cryptocurrency/crypto-news/bitcoin-hovers-around-115k-reflects-cautious-optimism-in-crypto-market/articleshow/123915970.cms
Saatvik Green Energy' Rs 900-cr IPO to open on Sep 19; sets price band at Rs 442-465/share,"Saatvik Green Energy is launching a Rs 900-crore IPO with a price band of Rs 442-465 per share, valuing the company at around Rs 5,910 crore. The IPO opens on September 19 and closes on September 23, with anchor investor bidding on September 18. The proceeds …","(What's moving Sensex and Nifty Track latest market news, stock tips, Budget 2025, Share Market on Budget 2025 and expert advice, on ETMarkets. Also, ETMarkets.com is now on Telegram. For fastest new… [+330 chars]",2025-09-16T05:16:15Z,https://economictimes.indiatimes.com/markets/ipos/fpos/saatvik-green-energy-rs-900-cr-ipo-to-open-on-sep-19-sets-price-band-at-rs-442-465/share/articleshow/123914287.cms
Infosys caught in buyback vs AI tangle: What's beneficial for its 26 lakh shareholders?,Infosys announces a massive share buyback. This move raises questions about prioritizing short-term gains over long-term innovation. Experts are divided on whether this is the best use of the company's cash reserves. Some argue for increased investment in AI …,"Infosys has announced an Rs 18,000 crore share buyback, a move that has created a debate on whether the company is resorting to low-hanging fruits rather than creating long-term value with meaningful… [+5386 chars]",2025-09-16T05:03:38Z,https://economictimes.indiatimes.com/markets/stocks/news/infosys-caught-in-buyback-vs-ai-tangle-whats-beneficial-for-its-26-lakh-shareholders/articleshow/123914132.cms
India's most hated stocks now contra bets for Rs 75 lakh crore mutual fund industry. Here's why,"Indian fund managers are investing in IT stocks despite market concerns. Mutual funds increased IT sector allocation amidst a downturn. Infosys is a top pick, attracting significant investment. The sector's decline has led to attractive dividend yields. Exper…","While investors are busy debating whether Indian software giants are lagging behind in the AI moonshot race, India's savvy fund managers are doing the unthinkable they're quietly buying into the carn… [+5335 chars]",2025-09-16T04:50:39Z,https://economictimes.indiatimes.com/markets/stocks/news/indias-most-hated-stocks-now-contra-bets-for-rs-75-lakh-crore-mutual-fund-industry-heres-why/articleshow/123913916.cms
"For the class of 2026, the job market is finally turning a corner, says report","Companies are shifting strategies, prioritizing early engagement and variable pay after a tough 2024 placement season, according to a new report by Aon.","India's campus job market is rebounding, with companies expecting to hire more students and offer slightly better compensation this year, according to a new report from professional services firm Aon… [+4009 chars]",2025-09-16T04:35:02Z,https://www.livemint.com/industry/india-campus-hiring-2025-job-market-outlook-campus-placements-pre-placement-offer-aon-study-11757965004526.html
"Dividend stocks in focus: RITES, 26 others to go ex-dividend on Wednesday. Do you own?","RITES and 26 other companies are in focus today as it's the last chance to buy their stocks to qualify for the final dividend. The record date is September 17, 2025. RITES declared a final dividend of Rs 2.65 per share. Investors must purchase shares before t…","(What's moving Sensex and Nifty Track latest market news, stock tips, Budget 2025, Share Market on Budget 2025 and expert advice, on ETMarkets. Also, ETMarkets.com is now on Telegram. For fastest new… [+330 chars]",2025-09-16T02:36:53Z,https://economictimes.indiatimes.com/markets/stocks/news/dividend-stocks-in-focus-rites-26-others-to-go-ex-dividend-on-wednesday-do-you-own/articleshow/123911847.cms
Anand Rathi Share to launch Rs 745 crore IPO this month,Anand Rathi Share and Stock Brokers plans a ₹745-crore IPO launch this month. This marks the second company from the financial services group to enter the primary market. The IPO consists entirely of a fresh share issue. The company intends to allocate ₹550 c…,"(What's moving Sensex and Nifty Track latest market news, stock tips, Budget 2025, Share Market on Budget 2025 and expert advice, on ETMarkets. Also, ETMarkets.com is now on Telegram. For fastest new… [+330 chars]",2025-09-16T00:56:32Z,https://economictimes.indiatimes.com/markets/ipos/fpos/anand-rathi-share-to-launch-rs-745-crore-ipo-this-month/articleshow/123911292.cms
"Day Trading Guide For September 16, 2025 - Intraday supports, resistances for Nifty50 stocks","Day Trading Guide gives you the key intraday supports and resistances to watch out for on the Nifty Futures and other widely traded stocks such as Reliance Industries, Infosys, HDFC Bank, TCS, SBI.","Day Trading Guide gives you the key intraday supports and resistances to watch out for on the Nifty Futures and other widely traded stocks such as Reliance Industries, Infosys, HDFC Bank, TCS, SBI. B… [+2324 chars]",2025-09-16T00:45:00Z,https://www.thehindubusinessline.com/portfolio/day-trading-guide/day-trading-guide-for-september-16-2025-intraday-supports-resistances-for-nifty50-stocks/article70053322.ece
"JPMorgan to trim China, India share in EM bond index",JPMorgan Chase plans to reduce the influence of major bond issuers in its emerging-market index. This shift will re-route investment from countries like China and India. Smaller nations are set to gain from this adjustment. The change involves lowering the is…,"(What's moving Sensex and Nifty Track latest market news, stock tips, Budget 2025, Share Market on Budget 2025 and expert advice, on ETMarkets. Also, ETMarkets.com is now on Telegram. For fastest new… [+330 chars]",2025-09-16T00:44:59Z,https://economictimes.indiatimes.com/markets/bonds/jpmorgan-to-trim-china-india-share-in-em-bond-index/articleshow/123911242.cms
